Report #,Source,Date,Division,Standard,Related Notices,Notes
AEMFM003,Provincial Audit,2016-12-08,Corporate,"Article 6, Section 6.3 Furnish Information",,"[2026-07-27 · migration] Imported from NBHC tracker (appAKFzMSPbYl3FJ9)
Attachments to re-import (1): AEMFM003 - 08 Dec 16.pdf"
AJIFM002,Provincial Audit,2016-10-31,Corporate,OMM 500,,"[2026-07-27 · migration] Imported from NBHC tracker (appAKFzMSPbYl3FJ9)
Attachments to re-import (1): AJIFM002 - 31 Oct 16.pdf"
MEMFM025,Provincial Audit,2017-02-21,Corporate,OMM Schedule 3 - Part 6.0 - Quality Management System,,"[2026-07-27 · migration] Imported from NBHC tracker (appAKFzMSPbYl3FJ9)
Attachments to re-import (1): MEMFM025 - 21 Feb 17.pdf"
MIHFM0014,Provincial Audit,2025-03-18,Corporate,"""Article 6, Section 6.3 Furnish of Information""",,"[2026-07-27 · migration] Imported from NBHC tracker (appAKFzMSPbYl3FJ9)
Attachments to re-import (1): MIHFM0014 - 18 Mar 2025.pdf"
MIHFM0015,Provincial Audit,2025-04-14,Corporate,OMM Schedule 3 - Part 6.0 - Quality Management System,,"[2026-07-27 · migration] Imported from NBHC tracker (appAKFzMSPbYl3FJ9)
Attachments to re-import (1): MIHFM0015 - 14 Apr 2025.pdf"
MIHFM0016,Provincial Audit,2025-06-10,Corporate,OMM Schedule 3 - Part 6.0 - Quality Management System,,"[2026-07-27 · migration] Imported from NBHC tracker (appAKFzMSPbYl3FJ9)
Attachments to re-import (1): MIHFM0016 - 13 May 2025.pdf"
MIHFM0017,Provincial Audit,2025-06-17,Corporate,,,"[2026-07-27 · migration] Imported from NBHC tracker (appAKFzMSPbYl3FJ9)
Attachments to re-import (1): MIHFM0017 - 17 June 2025.pdf"
MIHFM0018,Provincial Audit,2025-08-20,Corporate,,,"[2026-07-27 · migration] Imported from NBHC tracker (appAKFzMSPbYl3FJ9)
Attachments to re-import (1): MIHFM0018 - 20 Aug 2025.pdf"
ODAFM642,Provincial Audit,2017-01-10,Eastern,OMM 405 - Liter Control,,"[2026-07-27 · migration] Imported from NBHC tracker (appAKFzMSPbYl3FJ9)
Attachments to re-import (1): ODAFM642 - 10 Jan 17.pdf"
ODAFM692,Provincial Audit,2017-12-07,Western,OMM 401 - Grass Control,OMNCN0656,"[2026-07-27 · migration] Imported from NBHC tracker (appAKFzMSPbYl3FJ9)
Attachments to re-import (1): ODAFM692 - 07 Dec 17.pdf"
ODAFM695,Provincial Audit,2018-01-16,,OMM 410 - Earth Slopes,,"[2026-07-27 · migration] Imported from NBHC tracker (appAKFzMSPbYl3FJ9)
Attachments to re-import (1): ODAFM695 - 16 Dec 17.pdf"
ODAFM696,Provincial Audit,,,OMM 604 - Snow Removal,,"[2026-07-27 · migration] Imported from NBHC tracker (appAKFzMSPbYl3FJ9)
Attachments to re-import (1): ODAFM696 - 18 Jan 18.pdf"
ODAFM697,Provincial Audit,,,OMM 602 - Snow Plowing,,"[2026-07-27 · migration] Imported from NBHC tracker (appAKFzMSPbYl3FJ9)
Attachments to re-import (1): ODAFM697 - 30 Jan 18.pdf"
ODAFM698,Provincial Audit,,,OMM 705 - Ground Mounted Signs,,"[2026-07-27 · migration] Imported from NBHC tracker (appAKFzMSPbYl3FJ9)
Attachments to re-import (1): ODAFM698 - 06 Feb 18.pdf"
ODAFM699,Provincial Audit,,,OMM 603 - Sand and Salt Spreading,,"[2026-07-27 · migration] Imported from NBHC tracker (appAKFzMSPbYl3FJ9)
Attachments to re-import (1): ODAFM699 - 15 Feb 18.pdf"
ODAFM700,Provincial Audit,,,OMM 602 - Snow Plowing,,"[2026-07-27 · migration] Imported from NBHC tracker (appAKFzMSPbYl3FJ9)
Attachments to re-import (1): ODAFM700 - 01 Mar 18.pdf"
ODAFM701,Provincial Audit,,,OMM 407 - Rodent Control,,"[2026-07-27 · migration] Imported from NBHC tracker (appAKFzMSPbYl3FJ9)
Attachments to re-import (1): ODAFM701 - 06 Mar 18.pdf"
ODAFM702,Provincial Audit,,,OMM 404 - Tree Removal,,"[2026-07-27 · migration] Imported from NBHC tracker (appAKFzMSPbYl3FJ9)
Attachments to re-import (1): ODAFM702 - 20 Mar 18.pdf"
ODAFM703,Provincial Audit,,,OMM 708 - Crash Attenuation,,"[2026-07-27 · migration] Imported from NBHC tracker (appAKFzMSPbYl3FJ9)
Attachments to re-import (1): ODAFM703 - 22 Mar 18.pdf"
ODAFM704,Provincial Audit,,,OMM 409 - Debris,,"[2026-07-27 · migration] Imported from NBHC tracker (appAKFzMSPbYl3FJ9)
Attachments to re-import (1): ODAFM704 - 27 Mar 18.pdf"
ODAFM705,Provincial Audit,,,OMM 408 - Sweeping,,"[2026-07-27 · migration] Imported from NBHC tracker (appAKFzMSPbYl3FJ9)
Attachments to re-import (1): ODAFM705 - 29 Mar 18.pdf"
ODAFM706,Provincial Audit,,,OMM 405 - Liter Control,,"[2026-07-27 · migration] Imported from NBHC tracker (appAKFzMSPbYl3FJ9)
Attachments to re-import (1): ODAFM706 - 03 Apr 18.pdf"
ODAFM707,Provincial Audit,,,OMM 801 - Road Patrol,,"[2026-07-27 · migration] Imported from NBHC tracker (appAKFzMSPbYl3FJ9)
Attachments to re-import (1): ODAFM707 - 05 Apr 18.pdf"
ODAFM708,Provincial Audit,,,OMM 408 - Sweeping,,"[2026-07-27 · migration] Imported from NBHC tracker (appAKFzMSPbYl3FJ9)
Attachments to re-import (1): ODAFM708 - 12 Apr 18.pdf"
ODAFM709,Provincial Audit,,,OMM 701 - Pavement Markings,,"[2026-07-27 · migration] Imported from NBHC tracker (appAKFzMSPbYl3FJ9)
Attachments to re-import (1): ODAFM709 - 17 Apr 18.pdf"
ODAFM710,Provincial Audit,,,OMM 405 - Liter Control,,"[2026-07-27 · migration] Imported from NBHC tracker (appAKFzMSPbYl3FJ9)
Attachments to re-import (1): ODAFM710 - 19 Apr 18.pdf"
ODAFM711,Provincial Audit,,,OMM 510 - Obstructions to Water Flow,,"[2026-07-27 · migration] Imported from NBHC tracker (appAKFzMSPbYl3FJ9)
Attachments to re-import (1): ODAFM711 - 24 Apr 18.pdf"
ODAFM712,Provincial Audit,,,OMM 510 - Obstructions to Water Flow,,"[2026-07-27 · migration] Imported from NBHC tracker (appAKFzMSPbYl3FJ9)
Attachments to re-import (1): ODAFM712 - 30 Apr 18.pdf"
ODAFM713,Provincial Audit,,,OMM 408 - Sweeping,,"[2026-07-27 · migration] Imported from NBHC tracker (appAKFzMSPbYl3FJ9)
Attachments to re-import (1): ODAFM713 - 03 May 18.pdf"
ODAFM714,Provincial Audit,,,OMM 705 - Ground Mounted Signs,,"[2026-07-27 · migration] Imported from NBHC tracker (appAKFzMSPbYl3FJ9)
Attachments to re-import (1): ODAFM714 - 15 May 18.pdf"
ODAFM715,Provincial Audit,,,OMM 701 - Pavement Markings,,"[2026-07-27 · migration] Imported from NBHC tracker (appAKFzMSPbYl3FJ9)
Attachments to re-import (1): ODAFM715 - 17 May 18.pdf"
ODAFM716,Provincial Audit,,,OMM 509 - Bridge Bearing,,"[2026-07-27 · migration] Imported from NBHC tracker (appAKFzMSPbYl3FJ9)
Attachments to re-import (1): ODAFM716 -22 May 18.pdf"
ODAFM717,Provincial Audit,,,OMM 708 - Crash Attenuation,,"[2026-07-27 · migration] Imported from NBHC tracker (appAKFzMSPbYl3FJ9)
Attachments to re-import (1): ODAFM717 -29 May 18.pdf"
ODAFM718,Provincial Audit,,,OMM 507 - Bridge Cleaning,,"[2026-07-27 · migration] Imported from NBHC tracker (appAKFzMSPbYl3FJ9)
Attachments to re-import (1): ODAFM718 -31 May 18.pdf"
ODAFM719,Provincial Audit,,,OMM 406 - Fence,,"[2026-07-27 · migration] Imported from NBHC tracker (appAKFzMSPbYl3FJ9)
Attachments to re-import (1): ODAFM719 - 06 Jun 18.pdf"
ODAFM720,Provincial Audit,,,OMM 409 - Debris,,"[2026-07-27 · migration] Imported from NBHC tracker (appAKFzMSPbYl3FJ9)
Attachments to re-import (1): ODAFM720 - 07 Jun 18.pdf"
ODAFM721,Provincial Audit,,,OMM 202 - Gravel Shoulders,,"[2026-07-27 · migration] Imported from NBHC tracker (appAKFzMSPbYl3FJ9)
Attachments to re-import (1): ODAFM721 - 12 Jun 18.pdf"
ODAFM722,Provincial Audit,,,OMM 706 - Steel Beam Guide Rail,,"[2026-07-27 · migration] Imported from NBHC tracker (appAKFzMSPbYl3FJ9)
Attachments to re-import (1): ODAFM722 - 14 Jun 18.pdf"
ODAFM723,Provincial Audit,,,OMM 507 - Bridge Cleaning,,"[2026-07-27 · migration] Imported from NBHC tracker (appAKFzMSPbYl3FJ9)
Attachments to re-import (1): ODAFM723 - 21 Jun 18.pdf"
ODAFM724,Provincial Audit,,,OMM 201 - Paved Shoulders,,"[2026-07-27 · migration] Imported from NBHC tracker (appAKFzMSPbYl3FJ9)
Attachments to re-import (1): ODAFM724 - 28 Jun 18.pdf"
ODAFM725,Provincial Audit,,,OMM 402 - Brush Control,,"[2026-07-27 · migration] Imported from NBHC tracker (appAKFzMSPbYl3FJ9)
Attachments to re-import (1): ODAFM725 - 03 Jul 18.pdf"
ODAFM726,Provincial Audit,,,OMM 101 - Asphalt Concrete Pavements,,"[2026-07-27 · migration] Imported from NBHC tracker (appAKFzMSPbYl3FJ9)
Attachments to re-import (1): ODAFM726 - 06 Jul 18.pdf"
ODAFM727,Provincial Audit,,,OMM 410 - Earth Slopes,,"[2026-07-27 · migration] Imported from NBHC tracker (appAKFzMSPbYl3FJ9)
Attachments to re-import (1): ODAFM727 - 10 Jul 18.pdf"
ODAFM728,Provincial Audit,,,OMM 406 - Fence,,"[2026-07-27 · migration] Imported from NBHC tracker (appAKFzMSPbYl3FJ9)
Attachments to re-import (1): ODAFM728 - 12 Jul 18.pdf"
ODAFM729,Provincial Audit,,,OMM 101 - Asphalt Concrete Pavements,,"[2026-07-27 · migration] Imported from NBHC tracker (appAKFzMSPbYl3FJ9)
Attachments to re-import (1): ODAFM729 - 17 Jul 18.pdf"
ODAFM730,Provincial Audit,,,OMM 410 - Earth Slopes,,"[2026-07-27 · migration] Imported from NBHC tracker (appAKFzMSPbYl3FJ9)
Attachments to re-import (1): ODAFM730 - 19 Jul 18.pdf"
ODAFM731,Provincial Audit,,,OMM 507 - Bridge Cleaning,,"[2026-07-27 · migration] Imported from NBHC tracker (appAKFzMSPbYl3FJ9)
Attachments to re-import (1): ODAFM731 - 24 Jul 18.pdf"
ODAFM732,Provincial Audit,,,OMM 506 - Bridge Barrier,,"[2026-07-27 · migration] Imported from NBHC tracker (appAKFzMSPbYl3FJ9)
Attachments to re-import (1): ODAFM732 - 26 Jul 18.pdf"
ODAFM733,Provincial Audit,,,OMM 405 - Liter Control,,"[2026-07-27 · migration] Imported from NBHC tracker (appAKFzMSPbYl3FJ9)
Attachments to re-import (1): ODAFM733 - 14 Aug 18.pdf"
ODAFM734,Provincial Audit,,,OMM 410 - Earth Slopes,,"[2026-07-27 · migration] Imported from NBHC tracker (appAKFzMSPbYl3FJ9)
Attachments to re-import (1): ODAFM734 - 16 Aug 18.pdf"
ODAFM735,Provincial Audit,,,OMM 401 - Grass Control,,"[2026-07-27 · migration] Imported from NBHC tracker (appAKFzMSPbYl3FJ9)
Attachments to re-import (1): ODAFM735 - 21 Aug 18.pdf"
ODAFM736,Provincial Audit,,,OMM 305 - Roadway Subdrains,,"[2026-07-27 · migration] Imported from NBHC tracker (appAKFzMSPbYl3FJ9)
Attachments to re-import (1): ODAFM736 - 23 Aug 18.pdf"
ODAFM737,Provincial Audit,,,OMM 302 - Ditches,,"[2026-07-27 · migration] Imported from NBHC tracker (appAKFzMSPbYl3FJ9)
Attachments to re-import (1): ODAFM737 - 28 Aug 18.pdf"
ODAFM738,Provincial Audit,,,OMM 704 - Truss  Mounted Signs,,"[2026-07-27 · migration] Imported from NBHC tracker (appAKFzMSPbYl3FJ9)
Attachments to re-import (1): ODAFM738 - 30 Aug 18.pdf"
ODAFM739,Provincial Audit,,,OMM 201 - Paved Shoulders,,"[2026-07-27 · migration] Imported from NBHC tracker (appAKFzMSPbYl3FJ9)
Attachments to re-import (1): ODAFM739 - 04 Sept 18.pdf"
ODAFM740,Provincial Audit,,,,,[2026-07-27 · migration] Imported from NBHC tracker (appAKFzMSPbYl3FJ9)
ODAFM741,Provincial Audit,,,OMM 302 - Ditches,,"[2026-07-27 · migration] Imported from NBHC tracker (appAKFzMSPbYl3FJ9)
Attachments to re-import (1): ODAFM741 - 23 Oct 18.pdf"
ODAFM742,Provincial Audit,,,OMM 202 - Gravel Shoulders,,"[2026-07-27 · migration] Imported from NBHC tracker (appAKFzMSPbYl3FJ9)
Attachments to re-import (1): ODAFM742 - 25 Oct 18.pdf"
ODAFM743,Provincial Audit,,,OMM 202 - Gravel Shoulders,,"[2026-07-27 · migration] Imported from NBHC tracker (appAKFzMSPbYl3FJ9)
Attachments to re-import (1): ODAFM743 - 30 Oct 18.pdf"
ODAFM744,Provincial Audit,,,OMM 306 - Beaver Dam Control,,"[2026-07-27 · migration] Imported from NBHC tracker (appAKFzMSPbYl3FJ9)
Attachments to re-import (1): ODAFM744 - 01 Nov 18.pdf"
ODAFM745,Provincial Audit,,,OMM 705 - Ground Mounted Signs,,"[2026-07-27 · migration] Imported from NBHC tracker (appAKFzMSPbYl3FJ9)
Attachments to re-import (1): ODAFM745 - 06 Nov 18.pdf"
ODAFM746,Provincial Audit,,,OMM 605 - Snow Fence,,"[2026-07-27 · migration] Imported from NBHC tracker (appAKFzMSPbYl3FJ9)
Attachments to re-import (1): ODAFM746 - 08 Nov 18.pdf"
ODAFM747,Provincial Audit,,,OMM 405 - Liter Control,,"[2026-07-27 · migration] Imported from NBHC tracker (appAKFzMSPbYl3FJ9)
Attachments to re-import (1): ODAFM747 - 13 Nov 18.pdf"
ODAFM748,Provincial Audit,,,OMM 304 - Curbs and Gutters,,"[2026-07-27 · migration] Imported from NBHC tracker (appAKFzMSPbYl3FJ9)
Attachments to re-import (1): ODAFM748 - 15 Nov 18.pdf"
ODAFM749,Provincial Audit,2018-11-20,,OMM 705 - Ground Mounted Signs,,"[2026-07-27 · migration] Imported from NBHC tracker (appAKFzMSPbYl3FJ9)
Attachments to re-import (1): ODAFM749 - 20 Nov 18.pdf"
ODAFM750,Provincial Audit,,,OMM 603 - Sand and Salt Spreading,,"[2026-07-27 · migration] Imported from NBHC tracker (appAKFzMSPbYl3FJ9)
Attachments to re-import (1): ODAFM750 - 22 Nov 18.pdf"
ODAFM751,Provincial Audit,,,OMM 201 - Paved Shoulders,,"[2026-07-27 · migration] Imported from NBHC tracker (appAKFzMSPbYl3FJ9)
Attachments to re-import (1): ODAFM751 - 27 Nov 18.pdf"
ODAFM752,Provincial Audit,,,OMM 405 - Liter Control,,"[2026-07-27 · migration] Imported from NBHC tracker (appAKFzMSPbYl3FJ9)
Attachments to re-import (1): ODAFM752 - 29 Nov 18.pdf"
ODAFM753,Provincial Audit,,,OMM 407 - Rodent Control,,"[2026-07-27 · migration] Imported from NBHC tracker (appAKFzMSPbYl3FJ9)
Attachments to re-import (1): ODAFM753 - 15 Jan 19.pdf"
ODAFM754,Provincial Audit,,,OMM 409 - Debris,,"[2026-07-27 · migration] Imported from NBHC tracker (appAKFzMSPbYl3FJ9)
Attachments to re-import (1): ODAFM754 - 17 Jan 19.pdf"
ODAFM755,Provincial Audit,,,OMM 403 - Roadside Plantings,,"[2026-07-27 · migration] Imported from NBHC tracker (appAKFzMSPbYl3FJ9)
Attachments to re-import (1): ODAFM755 - 04 Dec 18.pdf"
ODAFM756,Provincial Audit,,,OMM 405 - Liter Control,,"[2026-07-27 · migration] Imported from NBHC tracker (appAKFzMSPbYl3FJ9)
Attachments to re-import (1): ODAFM756 - 05 Feb 19.pdf"
ODAFM757,Provincial Audit,,,OMM 406 - Fence,,"[2026-07-27 · migration] Imported from NBHC tracker (appAKFzMSPbYl3FJ9)
Attachments to re-import (1): ODAFM757 -12 Mar 19.pdf"
ODAFM758,Provincial Audit,,,OMM 405 - Liter Control,,"[2026-07-27 · migration] Imported from NBHC tracker (appAKFzMSPbYl3FJ9)
Attachments to re-import (1): ODAFM758 -14 Mar 19.pdf"
ODAFM759,Provincial Audit,,,OMM 407 - Rodent Control,,"[2026-07-27 · migration] Imported from NBHC tracker (appAKFzMSPbYl3FJ9)
Attachments to re-import (1): ODAFM759 -19 Mar 19.pdf"
ODAFM760,Provincial Audit,,,OMM 605 - Snow Fence,,"[2026-07-27 · migration] Imported from NBHC tracker (appAKFzMSPbYl3FJ9)
Attachments to re-import (1): ODAFM760 -21 Mar 19.pdf"
ODAFM761,Provincial Audit,,,OMM 705 - Ground Mounted Signs,,"[2026-07-27 · migration] Imported from NBHC tracker (appAKFzMSPbYl3FJ9)
Attachments to re-import (1): ODAFM761 - 28 Mar 19.pdf"
ODAFM762,Provincial Audit,,,OMM 707 - Concrete Barrier,,"[2026-07-27 · migration] Imported from NBHC tracker (appAKFzMSPbYl3FJ9)
Attachments to re-import (1): ODAFM762 - 02 Apr 19.pdf"
ODAFM763,Provincial Audit,,,OMM 506 - Bridge Barrier,,"[2026-07-27 · migration] Imported from NBHC tracker (appAKFzMSPbYl3FJ9)
Attachments to re-import (1): ODAFM763 - 04 Apr 19.pdf"
ODAFM764,Provincial Audit,,,OMM 409 - Debris,,"[2026-07-27 · migration] Imported from NBHC tracker (appAKFzMSPbYl3FJ9)
Attachments to re-import (1): ODAFM764 - 10 Apr 19.pdf"
ODAFM765,Provincial Audit,,,OMM 701 - Pavement Markings,,"[2026-07-27 · migration] Imported from NBHC tracker (appAKFzMSPbYl3FJ9)
Attachments to re-import (1): ODAFM765 - 07 May 19.pdf"
ODAFM766,Provincial Audit,,,OMM 408 - Sweeping,,"[2026-07-27 · migration] Imported from NBHC tracker (appAKFzMSPbYl3FJ9)
Attachments to re-import (1): ODAFM766 - 09 May 19.pdf"
ODAFM767,Provincial Audit,,,OMM 705 - Ground Mounted Signs,,"[2026-07-27 · migration] Imported from NBHC tracker (appAKFzMSPbYl3FJ9)
Attachments to re-import (1): ODAFM767 - 14 May 19.pdf"
ODAFM768,Provincial Audit,,,OMM 306 - Beaver Dam Control,,"[2026-07-27 · migration] Imported from NBHC tracker (appAKFzMSPbYl3FJ9)
Attachments to re-import (1): ODAFM768 - 16 May 19.pdf"
ODAFM769,Provincial Audit,,,OMM 701 - Pavement Markings,,"[2026-07-27 · migration] Imported from NBHC tracker (appAKFzMSPbYl3FJ9)
Attachments to re-import (1): ODAFM769 - 23 May 19.pdf"
ODAFM777,Provincial Audit,,,OMM 410 - Earth Slopes,,"[2026-07-27 · migration] Imported from NBHC tracker (appAKFzMSPbYl3FJ9)
Attachments to re-import (1): ODAFM777 - 09 Jul 19.pdf"
ODAFM778,Provincial Audit,,,OMM 101 - Asphalt Concrete Pavements,,"[2026-07-27 · migration] Imported from NBHC tracker (appAKFzMSPbYl3FJ9)
Attachments to re-import (1): ODAFM778 - 11 Jul 19.pdf"
ODAFM779,Provincial Audit,,,OMM 201 - Paved Shoulders,,"[2026-07-27 · migration] Imported from NBHC tracker (appAKFzMSPbYl3FJ9)
Attachments to re-import (1): ODAFM779 - 16 Jul 19.pdf"
ODAFM781,Provincial Audit,,,OMM 405 - Liter Control,,"[2026-07-27 · migration] Imported from NBHC tracker (appAKFzMSPbYl3FJ9)
Attachments to re-import (1): ODAFM781 - 23 Jul 19.pdf"
ODAFM782,Provincial Audit,,,OMM 402 - Brush Control,,"[2026-07-27 · migration] Imported from NBHC tracker (appAKFzMSPbYl3FJ9)
Attachments to re-import (1): ODAFM782 - 23 Jul 19.pdf"
ODAFM783,Provincial Audit,,,OMM 704 - Truss  Mounted Signs,,"[2026-07-27 · migration] Imported from NBHC tracker (appAKFzMSPbYl3FJ9)
Attachments to re-import (1): ODAFM783 - 30 Jul 19.pdf"
ODAFM784,Provincial Audit,,,OMM 302 - Ditches,,"[2026-07-27 · migration] Imported from NBHC tracker (appAKFzMSPbYl3FJ9)
Attachments to re-import (1): ODAFM784 - 01 Aug 19.pdf"
ODAFM785,Provincial Audit,,,OMM 302 - Ditches,,"[2026-07-27 · migration] Imported from NBHC tracker (appAKFzMSPbYl3FJ9)
Attachments to re-import (1): ODAFM785 - 20 Aug 19.pdf"
ODAFM786,Provincial Audit,,,OMM 701 - Pavement Markings,,"[2026-07-27 · migration] Imported from NBHC tracker (appAKFzMSPbYl3FJ9)
Attachments to re-import (1): ODAFM786 - 27 Aug 19.pdf"
ODAFM787,Provincial Audit,,,OMM 405 - Liter Control,,"[2026-07-27 · migration] Imported from NBHC tracker (appAKFzMSPbYl3FJ9)
Attachments to re-import (1): ODAFM787 - 29 Aug 19.pdf"
ODAFM788,Provincial Audit,,,OMM 201 - Paved Shoulders,,"[2026-07-27 · migration] Imported from NBHC tracker (appAKFzMSPbYl3FJ9)
Attachments to re-import (1): ODAFM788 - 03 Sep 19.pdf"
ODAFM789,Provincial Audit,,,OMM 302 - Ditches,,"[2026-07-27 · migration] Imported from NBHC tracker (appAKFzMSPbYl3FJ9)
Attachments to re-import (1): ODAFM789 - 05 Sep 19.pdf"
ODAFM791,Provincial Audit,,,OMM 409 - Debris,,"[2026-07-27 · migration] Imported from NBHC tracker (appAKFzMSPbYl3FJ9)
Attachments to re-import (1): ODAFM791 - 17 Sep 19.pdf"
ODAFM792,Provincial Audit,,,OMM 402 - Brush Control,,"[2026-07-27 · migration] Imported from NBHC tracker (appAKFzMSPbYl3FJ9)
Attachments to re-import (1): ODAFM792 - 19 Sep 19.pdf"
ODAFM793,Provincial Audit,,,OMM 306 - Beaver Dam Control,,"[2026-07-27 · migration] Imported from NBHC tracker (appAKFzMSPbYl3FJ9)
Attachments to re-import (1): ODAFM793 - 24 Sep 19.pdf"
ODAFM794,Provincial Audit,,,OMM 401 - Grass Control,,"[2026-07-27 · migration] Imported from NBHC tracker (appAKFzMSPbYl3FJ9)
Attachments to re-import (1): ODAFM794 - 26 Sep 19.pdf"
ODAFM795,Provincial Audit,,,OMM 706 - Steel Beam Guide Rail,,"[2026-07-27 · migration] Imported from NBHC tracker (appAKFzMSPbYl3FJ9)
Attachments to re-import (1): ODAFM795 - 01 Oct 19.pdf"
ODAFM796,Provincial Audit,,,OMM 706 - Steel Beam Guide Rail,,"[2026-07-27 · migration] Imported from NBHC tracker (appAKFzMSPbYl3FJ9)
Attachments to re-import (1): ODAFM796 - 03 Oct 19.pdf"
ODAFM797,Provincial Audit,,,OMM 202 - Gravel Shoulders,,"[2026-07-27 · migration] Imported from NBHC tracker (appAKFzMSPbYl3FJ9)
Attachments to re-import (1): ODAFM797 - 08 Oct 19.pdf"
ODAFM798,Provincial Audit,,,OMM 701 - Pavement Markings,,"[2026-07-27 · migration] Imported from NBHC tracker (appAKFzMSPbYl3FJ9)
Attachments to re-import (1): ODAFM798 - 10 Oct 19.pdf"
ODAFM799,Provincial Audit,,,OMM 303 - Culverts,,"[2026-07-27 · migration] Imported from NBHC tracker (appAKFzMSPbYl3FJ9)
Attachments to re-import (1): ODAFM799 - 15 Oct 19.pdf"
ODAFM800,Provincial Audit,,,OMM 305 - Roadway Subdrains,,"[2026-07-27 · migration] Imported from NBHC tracker (appAKFzMSPbYl3FJ9)
Attachments to re-import (1): ODAFM800 - 17 Oct 19.pdf"
ODAFM801,Provincial Audit,,,OMM 701 - Pavement Markings,,"[2026-07-27 · migration] Imported from NBHC tracker (appAKFzMSPbYl3FJ9)
Attachments to re-import (1): ODAFM801 - 22 Oct 19.pdf"
ODAFM802,Provincial Audit,,,OMM 201 - Paved Shoulders,,"[2026-07-27 · migration] Imported from NBHC tracker (appAKFzMSPbYl3FJ9)
Attachments to re-import (1): ODAFM802 - 24 Oct 19.pdf"
ODAFM0803,Provincial Audit,,,OMM 302 - Ditches,,"[2026-07-27 · migration] Imported from NBHC tracker (appAKFzMSPbYl3FJ9)
Attachments to re-import (1): ODAFM803 - 29 Oct 19.pdf"
ODAFM804,Provincial Audit,,,OMM 706 - Steel Beam Guide Rail,,"[2026-07-27 · migration] Imported from NBHC tracker (appAKFzMSPbYl3FJ9)
Attachments to re-import (1): ODAFM804 - 31 Oct 19.pdf"
ODAFM805,Provincial Audit,,,OMM 405 - Liter Control,,"[2026-07-27 · migration] Imported from NBHC tracker (appAKFzMSPbYl3FJ9)
Attachments to re-import (1): ODAFM805 - 05 Nov 19.pdf"
ODAFM806,Provincial Audit,,,OMM 705 - Ground Mounted Signs,,"[2026-07-27 · migration] Imported from NBHC tracker (appAKFzMSPbYl3FJ9)
Attachments to re-import (1): ODAFM806 - 07 Nov 19.pdf"
ODAFM807,Provincial Audit,,,OMM 705 - Ground Mounted Signs,,"[2026-07-27 · migration] Imported from NBHC tracker (appAKFzMSPbYl3FJ9)
Attachments to re-import (1): ODAFM807 - 12 Nov 19.pdf"
ODAFM808,Provincial Audit,,,OMM 708 - Crash Attenuation,,"[2026-07-27 · migration] Imported from NBHC tracker (appAKFzMSPbYl3FJ9)
Attachments to re-import (1): ODAFM808 - 14 Nov 19.pdf"
ODAFM809,Provincial Audit,,,OMM 304 - Curbs and Gutters,,"[2026-07-27 · migration] Imported from NBHC tracker (appAKFzMSPbYl3FJ9)
Attachments to re-import (1): ODAFM809 - 19 Nov 19.pdf"
ODAFM810,Provincial Audit,,,OMM 605 - Snow Fence,,"[2026-07-27 · migration] Imported from NBHC tracker (appAKFzMSPbYl3FJ9)
Attachments to re-import (1): ODAFM810 - 21 Nov 19.pdf"
ODAFM811,Provincial Audit,,,OMM 605 - Snow Fence,,"[2026-07-27 · migration] Imported from NBHC tracker (appAKFzMSPbYl3FJ9)
Attachments to re-import (1): ODAFM811 - 26 Nov 19.pdf"
ODAFM812,Provincial Audit,,,OMM 409 - Debris,,"[2026-07-27 · migration] Imported from NBHC tracker (appAKFzMSPbYl3FJ9)
Attachments to re-import (1): ODAFM812 - 05 Dec 19.pdf"
ODAFM813,Provincial Audit,,,OMM 701 - Pavement Markings,,"[2026-07-27 · migration] Imported from NBHC tracker (appAKFzMSPbYl3FJ9)
Attachments to re-import (1): ODAFM813 - 10 Dec 19.pdf"
ODAFM814,Provincial Audit,,,OMM 706 - Steel Beam Guide Rail,,"[2026-07-27 · migration] Imported from NBHC tracker (appAKFzMSPbYl3FJ9)
Attachments to re-import (1): ODAFM814 - 07 Jan 20.pdf"
ODAFM815,Provincial Audit,,,OMM 407 - Rodent Control,,"[2026-07-27 · migration] Imported from NBHC tracker (appAKFzMSPbYl3FJ9)
Attachments to re-import (1): ODAFM815 - 09 Jan 20.pdf"
ODAFM816,Provincial Audit,,,OMM 602 - Snow Plowing,,"[2026-07-27 · migration] Imported from NBHC tracker (appAKFzMSPbYl3FJ9)
Attachments to re-import (1): ODAFM816 - 14 Jan 20.pdf"
ODAFM817,Provincial Audit,,,OMM 602 - Snow Plowing,,"[2026-07-27 · migration] Imported from NBHC tracker (appAKFzMSPbYl3FJ9)
Attachments to re-import (1): ODAFM817 - 16 Jan 20.pdf"
ODAFM818,Provincial Audit,,,OMM 406 - Fence,,"[2026-07-27 · migration] Imported from NBHC tracker (appAKFzMSPbYl3FJ9)
Attachments to re-import (1): ODAFM818 - 21 Jan 20.pdf"
ODAFM819,Provincial Audit,,,OMM 604 - Snow Removal,,"[2026-07-27 · migration] Imported from NBHC tracker (appAKFzMSPbYl3FJ9)
Attachments to re-import (1): ODAFM819 - 23 Jan 20.pdf"
ODAFM820,Provincial Audit,,,OMM 407 - Rodent Control,,"[2026-07-27 · migration] Imported from NBHC tracker (appAKFzMSPbYl3FJ9)
Attachments to re-import (1): ODAFM820 - 11 Feb 20.pdf"
ODAFM821,Provincial Audit,,,OMM 605 - Snow Fence,,"[2026-07-27 · migration] Imported from NBHC tracker (appAKFzMSPbYl3FJ9)
Attachments to re-import (1): ODAFM821 - 13 Feb 20.pdf"
ODAFM822,Provincial Audit,,,OMM 409 - Debris,,"[2026-07-27 · migration] Imported from NBHC tracker (appAKFzMSPbYl3FJ9)
Attachments to re-import (1): ODAFM822 - 18 Feb 20.pdf"
ODAFM823,Provincial Audit,,,OMM 202 - Gravel Shoulders,,"[2026-07-27 · migration] Imported from NBHC tracker (appAKFzMSPbYl3FJ9)
Attachments to re-import (1): ODAFM823 - 20 Feb 20.pdf"
ODAFM824,Provincial Audit,,,OMM 800,,"[2026-07-27 · migration] Imported from NBHC tracker (appAKFzMSPbYl3FJ9)
Attachments to re-import (1): ODAFM824 - 05 Mar 20.pdf"
ODAFM825,Provincial Audit,,,OMM 302 - Ditches,,"[2026-07-27 · migration] Imported from NBHC tracker (appAKFzMSPbYl3FJ9)
Attachments to re-import (1): ODAFM825 - 12 May 20 .pdf"
ODAFM826,Provincial Audit,,,OMM 402 - Brush Control,,"[2026-07-27 · migration] Imported from NBHC tracker (appAKFzMSPbYl3FJ9)
Attachments to re-import (1): ODAFM826 - 14 May 20 .pdf"
ODAFM827,Provincial Audit,,,OMM 405 - Liter Control,,"[2026-07-27 · migration] Imported from NBHC tracker (appAKFzMSPbYl3FJ9)
Attachments to re-import (1): ODAFM827 - 21 May 20 .pdf"
ODAFM828,Provincial Audit,,,OMM 401 - Grass Control,,"[2026-07-27 · migration] Imported from NBHC tracker (appAKFzMSPbYl3FJ9)
Attachments to re-import (1): ODAFM828 - 02 Jun 20 .pdf"
ODAFM829,Provincial Audit,,,OMM 406 - Fence,,"[2026-07-27 · migration] Imported from NBHC tracker (appAKFzMSPbYl3FJ9)
Attachments to re-import (1): ODAFM829 - 04 Jun 20 .pdf"
ODAFM830,Provincial Audit,,,OMM 405 - Liter Control,,"[2026-07-27 · migration] Imported from NBHC tracker (appAKFzMSPbYl3FJ9)
Attachments to re-import (1): ODAFM830 - 09 Jun 20 .pdf"
ODAFM831,Provincial Audit,,,OMM 409 - Debris,,"[2026-07-27 · migration] Imported from NBHC tracker (appAKFzMSPbYl3FJ9)
Attachments to re-import (1): ODAFM831 -11 Jun 20 .pdf"
ODAFM832,Provincial Audit,,,OMM 706 - Steel Beam Guide Rail,,"[2026-07-27 · migration] Imported from NBHC tracker (appAKFzMSPbYl3FJ9)
Attachments to re-import (1): ODAFM832 -16 Jun 20 .pdf"
ODAFM833,Provincial Audit,,,OMM 510 - Obstructions to Water Flow,,"[2026-07-27 · migration] Imported from NBHC tracker (appAKFzMSPbYl3FJ9)
Attachments to re-import (1): ODAFM833 -23 Jun 20 .pdf"
ODAFM834,Provincial Audit,,,OMM 510 - Obstructions to Water Flow,,"[2026-07-27 · migration] Imported from NBHC tracker (appAKFzMSPbYl3FJ9)
Attachments to re-import (1): ODAFM834 -25 Jun 20 .pdf"
ODAFM835,Provincial Audit,,,OMM 202 - Gravel Shoulders,,"[2026-07-27 · migration] Imported from NBHC tracker (appAKFzMSPbYl3FJ9)
Attachments to re-import (1): ODAFM835 - 30 Jun 20 .pdf"
ODAFM836,Provincial Audit,,,OMM 410 - Earth Slopes,,"[2026-07-27 · migration] Imported from NBHC tracker (appAKFzMSPbYl3FJ9)
Attachments to re-import (1): ODAFM836 - 07 Jul 20 .pdf"
ODAFM837,Provincial Audit,,,OMM 406 - Fence,,"[2026-07-27 · migration] Imported from NBHC tracker (appAKFzMSPbYl3FJ9)
Attachments to re-import (1): ODAFM837 - 09 Jul 20 .pdf"
ODAFM838,Provincial Audit,,,OMM 507 - Bridge Cleaning,,"[2026-07-27 · migration] Imported from NBHC tracker (appAKFzMSPbYl3FJ9)
Attachments to re-import (1): ODAFM838 - 14 Jul 20 .pdf"
ODAFM839,Provincial Audit,,,OMM 405 - Liter Control,,"[2026-07-27 · migration] Imported from NBHC tracker (appAKFzMSPbYl3FJ9)
Attachments to re-import (1): ODAFM839 - 16 Jul 20 .pdf"
ODAFM840,Provincial Audit,,,OMM 201 - Paved Shoulders,,"[2026-07-27 · migration] Imported from NBHC tracker (appAKFzMSPbYl3FJ9)
Attachments to re-import (1): ODAFM840 - 21 Jul 20 .pdf"
ODAFM841,Provincial Audit,,,OMM 408 - Sweeping,,"[2026-07-27 · migration] Imported from NBHC tracker (appAKFzMSPbYl3FJ9)
Attachments to re-import (1): ODAFM841 - 23 Jul 20 .pdf"
ODAFM842,Provincial Audit,,,OMM 409 - Debris,,"[2026-07-27 · migration] Imported from NBHC tracker (appAKFzMSPbYl3FJ9)
Attachments to re-import (1): ODAFM842 - 30 Jul 20 .pdf"
ODAFM843,Provincial Audit,,,OMM 302 - Ditches,,"[2026-07-27 · migration] Imported from NBHC tracker (appAKFzMSPbYl3FJ9)
Attachments to re-import (1): ODAFM843 - 08 Aug 20 .pdf"
ODAFM844,Provincial Audit,,,OMM 701 - Pavement Markings,,"[2026-07-27 · migration] Imported from NBHC tracker (appAKFzMSPbYl3FJ9)
Attachments to re-import (1): ODAFM844 - 10 Aug 20 .pdf"
ODAFM845,Provincial Audit,,,OMM 705 - Ground Mounted Signs,,"[2026-07-27 · migration] Imported from NBHC tracker (appAKFzMSPbYl3FJ9)
Attachments to re-import (1): ODAFM845 - 11 Aug 20 .pdf"
ODAFM846,Provincial Audit,,,OMM 405 - Liter Control,,"[2026-07-27 · migration] Imported from NBHC tracker (appAKFzMSPbYl3FJ9)
Attachments to re-import (1): ODAFM846 - 13 Aug 20 .pdf"
ODAFM851,Provincial Audit,,,OMM 306 - Beaver Dam Control,,"[2026-07-27 · migration] Imported from NBHC tracker (appAKFzMSPbYl3FJ9)
Attachments to re-import (1): ODAFM851 - 15 Sep 20.pdf"
ODAFM852,Provincial Audit,,,OMM 409 - Debris,,"[2026-07-27 · migration] Imported from NBHC tracker (appAKFzMSPbYl3FJ9)
Attachments to re-import (1): ODAFM852 - 17 Sep 20.pdf"
ODAFM853,Provincial Audit,,,OMM 706 - Steel Beam Guide Rail,,"[2026-07-27 · migration] Imported from NBHC tracker (appAKFzMSPbYl3FJ9)
Attachments to re-import (1): ODAFM853 - 22 Sep 20.pdf"
ODAFM854,Provincial Audit,,,OMM 410 - Earth Slopes,,"[2026-07-27 · migration] Imported from NBHC tracker (appAKFzMSPbYl3FJ9)
Attachments to re-import (1): ODAFM854 - 24 Sep 20.pdf"
ODAFM855,Provincial Audit,,,OMM 305 - Roadway Subdrains,,"[2026-07-27 · migration] Imported from NBHC tracker (appAKFzMSPbYl3FJ9)
Attachments to re-import (1): ODAFM855 - 29 Sep 20.pdf"
ODAFM856,Provincial Audit,,,OMM 202 - Gravel Shoulders,,"[2026-07-27 · migration] Imported from NBHC tracker (appAKFzMSPbYl3FJ9)
Attachments to re-import (1): ODAFM856 - 01 Oct 20.pdf"
ODAFM857,Provincial Audit,,,OMM 701 - Pavement Markings,,"[2026-07-27 · migration] Imported from NBHC tracker (appAKFzMSPbYl3FJ9)
Attachments to re-import (1): ODAFM857 - 06 Oct 20.pdf"
ODAFM858,Provincial Audit,,,OMM 701 - Pavement Markings,,"[2026-07-27 · migration] Imported from NBHC tracker (appAKFzMSPbYl3FJ9)
Attachments to re-import (1): ODAFM858 - 08 Oct 20.pdf"
ODAFM859,Provincial Audit,,,OMM 302 - Ditches,,"[2026-07-27 · migration] Imported from NBHC tracker (appAKFzMSPbYl3FJ9)
Attachments to re-import (1): ODAFM859 - 13 Oct 20.pdf"
ODAFM860,Provincial Audit,,,OMM 304 - Curbs and Gutters,,"[2026-07-27 · migration] Imported from NBHC tracker (appAKFzMSPbYl3FJ9)
Attachments to re-import (1): ODAFM860 - 15 Oct 20.pdf"
ODAFM861,Provincial Audit,,,OMM 704 - Truss  Mounted Signs,,"[2026-07-27 · migration] Imported from NBHC tracker (appAKFzMSPbYl3FJ9)
Attachments to re-import (1): ODAFM861 - 20 Oct 20.pdf"
ODAFM862,Provincial Audit,,,OMM 701 - Pavement Markings,,"[2026-07-27 · migration] Imported from NBHC tracker (appAKFzMSPbYl3FJ9)
Attachments to re-import (1): ODAFM862 - 22 Oct 20.pdf"
ODAFM863,Provincial Audit,,,OMM 304 - Curbs and Gutters,,"[2026-07-27 · migration] Imported from NBHC tracker (appAKFzMSPbYl3FJ9)
Attachments to re-import (1): ODAFM863 - 27 Oct 20.pdf"
ODAFM864,Provincial Audit,,,OMM 405 - Liter Control,,"[2026-07-27 · migration] Imported from NBHC tracker (appAKFzMSPbYl3FJ9)
Attachments to re-import (1): ODAFM864 - 03 Nov 20.pdf"
ODAFM865,Provincial Audit,,,OMM 705 - Ground Mounted Signs,,"[2026-07-27 · migration] Imported from NBHC tracker (appAKFzMSPbYl3FJ9)
Attachments to re-import (1): ODAFM865 - 05 Nov 20.pdf"
ODAFM866,Provincial Audit,,,OMM 708 - Crash Attenuation,,"[2026-07-27 · migration] Imported from NBHC tracker (appAKFzMSPbYl3FJ9)
Attachments to re-import (1): ODAFM866 - 10 Nov 20.pdf"
ODAFM867,Provincial Audit,,,OMM 306 - Beaver Dam Control,,"[2026-07-27 · migration] Imported from NBHC tracker (appAKFzMSPbYl3FJ9)
Attachments to re-import (1): ODAFM867 - 17 Nov 20.pdf"
ODAFM868,Provincial Audit,,,OMM 303 - Culverts,,"[2026-07-27 · migration] Imported from NBHC tracker (appAKFzMSPbYl3FJ9)
Attachments to re-import (1): ODAFM868 - 19 Nov 20.pdf"
ODAFM869,Provincial Audit,,,OMM 705 - Ground Mounted Signs,,"[2026-07-27 · migration] Imported from NBHC tracker (appAKFzMSPbYl3FJ9)
Attachments to re-import (1): ODAFM869 - 24 Nov 20.pdf"
ODAFM870,Provincial Audit,,,OMM 405 - Liter Control,,"[2026-07-27 · migration] Imported from NBHC tracker (appAKFzMSPbYl3FJ9)
Attachments to re-import (1): ODAFM870 - 26 Nov 20.pdf"
ODAFM871,Provincial Audit,,,OMM 409 - Debris,,"[2026-07-27 · migration] Imported from NBHC tracker (appAKFzMSPbYl3FJ9)
Attachments to re-import (1): ODAFM871 - 01 Dec 20.pdf"
ODAFM872,Provincial Audit,,,OMM 303 - Culverts,,"[2026-07-27 · migration] Imported from NBHC tracker (appAKFzMSPbYl3FJ9)
Attachments to re-import (1): ODAFM872 - 03 Dec 20.pdf"
ODAFM873,Provincial Audit,,,OMM 702 - Conventional Illumination,,"[2026-07-27 · migration] Imported from NBHC tracker (appAKFzMSPbYl3FJ9)
Attachments to re-import (1): ODAFM873 - 08 Dec 20.pdf"
ODAFM874,Provincial Audit,,,OMM 304 - Curbs and Gutters,,"[2026-07-27 · migration] Imported from NBHC tracker (appAKFzMSPbYl3FJ9)
Attachments to re-import (1): ODAFM874 - 10 Dec 20.pdf"
ODAFM875,Provincial Audit,2021-01-12,,OMM 409 - Debris,,"[2026-07-27 · migration] Imported from NBHC tracker (appAKFzMSPbYl3FJ9)
Attachments to re-import (1): ODAFM875 - 12 Dec 20.pdf"
ODAFM876,Provincial Audit,2021-01-14,,OMM 407 - Rodent Control,,"[2026-07-27 · migration] Imported from NBHC tracker (appAKFzMSPbYl3FJ9)
Attachments to re-import (1): ODAFM876 - 14 Dec 20.pdf"
ODAFM877,Provincial Audit,2021-01-19,,OMM 407 - Rodent Control,,"[2026-07-27 · migration] Imported from NBHC tracker (appAKFzMSPbYl3FJ9)
Attachments to re-import (1): ODAFM877 - 19 Jan 21.pdf"
ODAFM878,Provincial Audit,2021-01-21,,OMM 406 - Fence,,"[2026-07-27 · migration] Imported from NBHC tracker (appAKFzMSPbYl3FJ9)
Attachments to re-import (1): ODAFM878 - 21 Jan 21.pdf"
ODAFM879,Provincial Audit,2021-01-26,,OMM 705 - Ground Mounted Signs,,"[2026-07-27 · migration] Imported from NBHC tracker (appAKFzMSPbYl3FJ9)
Attachments to re-import (1): ODAFM879 - 26 Jan 21.pdf"
ODAFM880,Provincial Audit,2021-01-28,,OMM 706 - Steel Beam Guide Rail,,"[2026-07-27 · migration] Imported from NBHC tracker (appAKFzMSPbYl3FJ9)
Attachments to re-import (1): ODAFM880 - 28 Jan 21.pdf"
ODAFM881,Provincial Audit,2021-02-04,,OMM 705 - Ground Mounted Signs,,"[2026-07-27 · migration] Imported from NBHC tracker (appAKFzMSPbYl3FJ9)
Attachments to re-import (1): ODAFM881 - 04 Feb 21.pdf"
ODAFM882,Provincial Audit,2021-02-09,,OMM 405 - Liter Control,,"[2026-07-27 · migration] Imported from NBHC tracker (appAKFzMSPbYl3FJ9)
Attachments to re-import (1): ODAFM882 - 09 Feb 21.pdf"
ODAFM883,Provincial Audit,2021-02-11,,OMM 705 - Ground Mounted Signs,,"[2026-07-27 · migration] Imported from NBHC tracker (appAKFzMSPbYl3FJ9)
Attachments to re-import (1): ODAFM883 -11 Feb 21.pdf"
ODAFM884,Provincial Audit,2021-02-16,,OMM 605 - Snow Fence,,"[2026-07-27 · migration] Imported from NBHC tracker (appAKFzMSPbYl3FJ9)
Attachments to re-import (1): ODAFM884 -16 Feb 21.pdf"
ODAFM885,Provincial Audit,2021-02-18,,OMM 701 - Pavement Markings,,"[2026-07-27 · migration] Imported from NBHC tracker (appAKFzMSPbYl3FJ9)
Attachments to re-import (1): ODAFM885 -18 Feb 21.pdf"
ODAFM886,Provincial Audit,2021-03-09,,OMM 409 - Debris,,"[2026-07-27 · migration] Imported from NBHC tracker (appAKFzMSPbYl3FJ9)
Attachments to re-import (1): ODAFM886 -09 Mar 21.pdf"
ODAFM887,Provincial Audit,2021-03-11,,OMM 708 - Crash Attenuation,,"[2026-07-27 · migration] Imported from NBHC tracker (appAKFzMSPbYl3FJ9)
Attachments to re-import (1): ODAFM887 -11 Mar 21.pdf"
ODAFM888,Provincial Audit,2021-03-16,,OMM 708 - Crash Attenuation,,"[2026-07-27 · migration] Imported from NBHC tracker (appAKFzMSPbYl3FJ9)
Attachments to re-import (1): ODAFM888 -16 Mar 21.pdf"
ODAFM889,Provincial Audit,2021-03-18,,OMM 702 - Conventional Illumination,,"[2026-07-27 · migration] Imported from NBHC tracker (appAKFzMSPbYl3FJ9)
Attachments to re-import (1): ODAFM889 -18 Mar 21.pdf"
ODAFM890,Provincial Audit,2021-03-23,,OMM 704 - Truss  Mounted Signs,,"[2026-07-27 · migration] Imported from NBHC tracker (appAKFzMSPbYl3FJ9)
Attachments to re-import (1): ODAFM890 -23 Mar 21.pdf"
ODAFM891,Provincial Audit,2021-03-30,,OMM 409 - Debris,,"[2026-07-27 · migration] Imported from NBHC tracker (appAKFzMSPbYl3FJ9)
Attachments to re-import (1): ODAFM891 -30 Mar 21.pdf"
ODAFM892,Provincial Audit,2021-04-06,,OMM 405 - Liter Control,,"[2026-07-27 · migration] Imported from NBHC tracker (appAKFzMSPbYl3FJ9)
Attachments to re-import (1): ODAFM892 -06 Apr 21.pdf"
ODAFM893,Provincial Audit,2021-04-13,,OMM 510 - Obstructions to Water Flow,,"[2026-07-27 · migration] Imported from NBHC tracker (appAKFzMSPbYl3FJ9)
Attachments to re-import (1): ODAFM893 -13 Apr 21.pdf"
ODAFM894,Provincial Audit,2021-05-04,,OMM 510 - Obstructions to Water Flow,,"[2026-07-27 · migration] Imported from NBHC tracker (appAKFzMSPbYl3FJ9)
Attachments to re-import (1): ODAFM894 -04 May 21.pdf"
ODAFM895,Provincial Audit,2021-05-06,,OMM 306 - Beaver Dam Control,,"[2026-07-27 · migration] Imported from NBHC tracker (appAKFzMSPbYl3FJ9)
Attachments to re-import (1): ODAFM895 -06 May 21.pdf"
ODAFM896,Provincial Audit,2021-05-11,,OMM 705 - Ground Mounted Signs,,"[2026-07-27 · migration] Imported from NBHC tracker (appAKFzMSPbYl3FJ9)
Attachments to re-import (1): ODAFM896 - 11 May 21.pdf"
ODAFM897,Provincial Audit,2021-05-13,,OMM 708 - Crash Attenuation,,"[2026-07-27 · migration] Imported from NBHC tracker (appAKFzMSPbYl3FJ9)
Attachments to re-import (1): ODAFM897 - 13 May 21.pdf"
ODAFM898,Provincial Audit,2021-05-18,,OMM 306 - Beaver Dam Control,,"[2026-07-27 · migration] Imported from NBHC tracker (appAKFzMSPbYl3FJ9)
Attachments to re-import (1): ODAFM898 - 18 May 21.pdf"
ODAFM899,Provincial Audit,2021-05-27,,OMM 705 - Ground Mounted Signs,,"[2026-07-27 · migration] Imported from NBHC tracker (appAKFzMSPbYl3FJ9)
Attachments to re-import (1): ODAFM899 - 27 May 21.pdf"
ODAFM900,Provincial Audit,2021-06-01,,OMM 506 - Bridge Barrier,,"[2026-07-27 · migration] Imported from NBHC tracker (appAKFzMSPbYl3FJ9)
Attachments to re-import (1): ODAFM900 - 01 Jun 21.pdf"
ODAFM901,Provincial Audit,2021-06-03,,OMM 409 - Debris,,"[2026-07-27 · migration] Imported from NBHC tracker (appAKFzMSPbYl3FJ9)
Attachments to re-import (1): ODAFM901 - 03 Jun 21.pdf"
ODAFM902,Provincial Audit,2021-06-08,,OMM 405 - Liter Control,,"[2026-07-27 · migration] Imported from NBHC tracker (appAKFzMSPbYl3FJ9)
Attachments to re-import (1): ODAFM902 - 08 Jun 21.pdf"
ODAFM903,Provincial Audit,2021-06-10,,OMM 202 - Gravel Shoulders,,"[2026-07-27 · migration] Imported from NBHC tracker (appAKFzMSPbYl3FJ9)
Attachments to re-import (1): ODAFM903 - 10 Jun 21.pdf"
ODAFM904,Provincial Audit,2021-06-15,,OMM 201 - Paved Shoulders,,"[2026-07-27 · migration] Imported from NBHC tracker (appAKFzMSPbYl3FJ9)
Attachments to re-import (1): ODAFM904 - 15 Jun 21.pdf"
ODAFM905,Provincial Audit,2021-06-17,,OMM 706 - Steel Beam Guide Rail,,"[2026-07-27 · migration] Imported from NBHC tracker (appAKFzMSPbYl3FJ9)
Attachments to re-import (1): ODAFM905 - 17 Jun 21.pdf"
ODAFM906,Provincial Audit,2021-06-22,,OMM 401 - Grass Control,,"[2026-07-27 · migration] Imported from NBHC tracker (appAKFzMSPbYl3FJ9)
Attachments to re-import (1): ODAFM906 - 22 Jun 21.pdf"
ODAFM907,Provincial Audit,2021-06-24,,OMM 702 - Conventional Illumination,,"[2026-07-27 · migration] Imported from NBHC tracker (appAKFzMSPbYl3FJ9)
Attachments to re-import (1): ODAFM907 - 24 Jun 21.pdf"
ODAFM908,Provincial Audit,2021-06-29,,OMM 706 - Steel Beam Guide Rail,,"[2026-07-27 · migration] Imported from NBHC tracker (appAKFzMSPbYl3FJ9)
Attachments to re-import (1): ODAFM908 - 29 Jun 21.pdf"
ODAFM909,Provincial Audit,2021-07-06,,OMM 506 - Bridge Barrier,,"[2026-07-27 · migration] Imported from NBHC tracker (appAKFzMSPbYl3FJ9)
Attachments to re-import (1): ODAFM909 - 06 Jul 21.pdf"
ODAFM910,Provincial Audit,2021-07-13,,OMM 410 - Earth Slopes,,"[2026-07-27 · migration] Imported from NBHC tracker (appAKFzMSPbYl3FJ9)
Attachments to re-import (1): ODAFM910 -13 Jul 21.pdf"
ODAFM911,Provincial Audit,2021-07-15,,OMM 406 - Fence,,"[2026-07-27 · migration] Imported from NBHC tracker (appAKFzMSPbYl3FJ9)
Attachments to re-import (1): ODAFM911 -15 Jul 21.pdf"
ODAFM912,Provincial Audit,2021-07-20,,OMM 402 - Brush Control,,"[2026-07-27 · migration] Imported from NBHC tracker (appAKFzMSPbYl3FJ9)
Attachments to re-import (1): ODAFM912 -20 Jul 21.pdf"
ODAFM913,Provincial Audit,2021-07-22,,OMM 507 - Bridge Cleaning,,"[2026-07-27 · migration] Imported from NBHC tracker (appAKFzMSPbYl3FJ9)
Attachments to re-import (1): ODAFM913 - 22 Jul 21.pdf"
ODAFM914,Provincial Audit,2021-08-10,,OMM 405 - Liter Control,,"[2026-07-27 · migration] Imported from NBHC tracker (appAKFzMSPbYl3FJ9)
Attachments to re-import (1): ODAFM914 - 10 Aug 21.pdf"
ODAFM915,Provincial Audit,2021-08-12,,OMM 406 - Fence,,"[2026-07-27 · migration] Imported from NBHC tracker (appAKFzMSPbYl3FJ9)
Attachments to re-import (1): ODAFM915 - 12 Aug 21.pdf"
ODAFM916,Provincial Audit,2021-08-17,,OMM 701 - Pavement Markings,,"[2026-07-27 · migration] Imported from NBHC tracker (appAKFzMSPbYl3FJ9)
Attachments to re-import (1): ODAFM916 - 17 Aug 21.pdf"
ODAFM917,Provincial Audit,2021-08-24,,OMM 705 - Ground Mounted Signs,,"[2026-07-27 · migration] Imported from NBHC tracker (appAKFzMSPbYl3FJ9)
Attachments to re-import (1): ODAFM917 - 24 Aug 21.pdf"
ODAFM918,Provincial Audit,2021-08-26,,OMM 201 - Paved Shoulders,,"[2026-07-27 · migration] Imported from NBHC tracker (appAKFzMSPbYl3FJ9)
Attachments to re-import (1): ODAFM918 - 26 Aug 21.pdf"
ODAFM919,Provincial Audit,2021-08-31,Eastern,OMM 410 - Earth Slopes,,"[2026-07-27 · migration] Imported from NBHC tracker (appAKFzMSPbYl3FJ9)
Attachments to re-import (1): ODAFM919 - 31 Aug 21.pdf"
ODAFM920,Provincial Audit,2021-09-02,,OMM 302 - Ditches,,"[2026-07-27 · migration] Imported from NBHC tracker (appAKFzMSPbYl3FJ9)
Attachments to re-import (1): ODAFM920 - 02 Sep 21.pdf"
ODAFM921,Provincial Audit,2021-09-07,,OMM 305 - Roadway Subdrains,,"[2026-07-27 · migration] Imported from NBHC tracker (appAKFzMSPbYl3FJ9)
Attachments to re-import (1): ODAFM921 - 07 Sep 21.pdf"
ODAFM922,Provincial Audit,2021-09-09,,OMM 409 - Debris,,"[2026-07-27 · migration] Imported from NBHC tracker (appAKFzMSPbYl3FJ9)
Attachments to re-import (1): ODAFM922 - 09 Sep 21.pdf"
ODAFM923,Provincial Audit,2021-09-14,,OMM 504 - Traveled Surface of Bridges,,"[2026-07-27 · migration] Imported from NBHC tracker (appAKFzMSPbYl3FJ9)
Attachments to re-import (1): ODAFM923 - 14 Sep 21.pdf"
ODAFM924,Provincial Audit,2021-09-16,,OMM 306 - Beaver Dam Control,,"[2026-07-27 · migration] Imported from NBHC tracker (appAKFzMSPbYl3FJ9)
Attachments to re-import (1): ODAFM924 - 16 Sep 21.pdf"
ODAFM926,Provincial Audit,2021-09-23,,OMM 702 - Conventional Illumination,,"[2026-07-27 · migration] Imported from NBHC tracker (appAKFzMSPbYl3FJ9)
Attachments to re-import (1): ODAFM926 - 23 Sep 21.pdf"
ODAFM927,Provincial Audit,2021-09-28,,OMM 706 - Steel Beam Guide Rail,,"[2026-07-27 · migration] Imported from NBHC tracker (appAKFzMSPbYl3FJ9)
Attachments to re-import (1): ODAFM927 - 28 Sep 21.pdf"
ODAFM928,Provincial Audit,2021-09-30,,OMM 402 - Brush Control,,"[2026-07-27 · migration] Imported from NBHC tracker (appAKFzMSPbYl3FJ9)
Attachments to re-import (1): ODAFM928 - 30 Sep 21.pdf"
ODAFM929,Provincial Audit,2021-10-05,,OMM 302 - Ditches,,"[2026-07-27 · migration] Imported from NBHC tracker (appAKFzMSPbYl3FJ9)
Attachments to re-import (1): ODAFM929 - 05 Oct 21.pdf"
ODAFM930,Provincial Audit,2021-11-09,,OMM 405 - Liter Control,,"[2026-07-27 · migration] Imported from NBHC tracker (appAKFzMSPbYl3FJ9)
Attachments to re-import (1): ODAFM930 - 09 Nov 21.pdf"
ODAFM931,Provincial Audit,2021-11-16,,OMM 405 - Liter Control,,"[2026-07-27 · migration] Imported from NBHC tracker (appAKFzMSPbYl3FJ9)
Attachments to re-import (1): ODAFM931 - 16 Nov 21.pdf"
ODAFM932,Provincial Audit,2021-11-18,,OMM 303 - Culverts,,"[2026-07-27 · migration] Imported from NBHC tracker (appAKFzMSPbYl3FJ9)
Attachments to re-import (1): ODAFM932 - 18 Nov 21.pdf"
ODAFM933,Provincial Audit,2021-11-20,,OMM 406 - Fence,,"[2026-07-27 · migration] Imported from NBHC tracker (appAKFzMSPbYl3FJ9)
Attachments to re-import (1): ODAFM933 - 20 Nov 21.pdf"
ODAFM934,Provincial Audit,2021-11-25,,OMM 409 - Debris,,"[2026-07-27 · migration] Imported from NBHC tracker (appAKFzMSPbYl3FJ9)
Attachments to re-import (1): ODAFM934 - 25 Nov 21.pdf"
ODAFM935,Provincial Audit,2021-11-30,,OMM 705 - Ground Mounted Signs,,"[2026-07-27 · migration] Imported from NBHC tracker (appAKFzMSPbYl3FJ9)
Attachments to re-import (1): ODAFM935 - 30 Nov 21.pdf"
ODAFM936,Provincial Audit,2021-12-02,,OMM 409 - Debris,,"[2026-07-27 · migration] Imported from NBHC tracker (appAKFzMSPbYl3FJ9)
Attachments to re-import (1): ODAFM936 - 02 Dec 21.pdf"
ODAFM937,Provincial Audit,2021-12-07,,OMM 702 - Conventional Illumination,,"[2026-07-27 · migration] Imported from NBHC tracker (appAKFzMSPbYl3FJ9)
Attachments to re-import (1): ODAFM937 - 07 Dec 21.pdf"
ODAFM938,Provincial Audit,2021-12-09,,OMM 304 - Curbs and Gutters,,"[2026-07-27 · migration] Imported from NBHC tracker (appAKFzMSPbYl3FJ9)
Attachments to re-import (1): ODAFM938 - 09 Dec 21.pdf"
ODAFM939,Provincial Audit,2021-12-16,Eastern,OMM 303 - Culverts,,"[2026-07-27 · migration] Imported from NBHC tracker (appAKFzMSPbYl3FJ9)
Attachments to re-import (1): ODAFM939 - 14 Dec 21.pdf"
ODAFM940,Provincial Audit,2021-12-16,Western,OMM 702 - Conventional Illumination,,"[2026-07-27 · migration] Imported from NBHC tracker (appAKFzMSPbYl3FJ9)
Attachments to re-import (1): ODAFM940 - 16 Dec 21.pdf"
ODAFM941,Provincial Audit,2021-12-21,Eastern,OMM 409 - Debris,,"[2026-07-27 · migration] Imported from NBHC tracker (appAKFzMSPbYl3FJ9)
Attachments to re-import (1): ODAFM941 - 21 Dec 21.pdf"
ODAFM942,Provincial Audit,2022-01-06,Western,OMM 604 - Snow Removal,,"[2026-07-27 · migration] Imported from NBHC tracker (appAKFzMSPbYl3FJ9)
Attachments to re-import (1): ODAFM942 - 06 Jan 22.pdf"
ODAFM943,Provincial Audit,2022-01-13,Western,OMM 406 - Fence,,"[2026-07-27 · migration] Imported from NBHC tracker (appAKFzMSPbYl3FJ9)
Attachments to re-import (1): ODAFM943 - 13 Jan 22.pdf"
ODAFM944,Provincial Audit,2022-01-18,Eastern,OMM 405 - Liter Control,,"[2026-07-27 · migration] Imported from NBHC tracker (appAKFzMSPbYl3FJ9)
Attachments to re-import (1): ODAFM944 - 18 Jan 22.pdf"
ODAFM945,Provincial Audit,2022-01-20,Western,OMM 409 - Debris,,"[2026-07-27 · migration] Imported from NBHC tracker (appAKFzMSPbYl3FJ9)
Attachments to re-import (1): ODAFM945 - 20 Jan 22.pdf"
ODAFM946,Provincial Audit,2022-01-25,Eastern,OMM 602 - Snow Plowing,,"[2026-07-27 · migration] Imported from NBHC tracker (appAKFzMSPbYl3FJ9)
Attachments to re-import (1): ODAFM946 - 25 Jan 22.pdf"
ODAFM947,Provincial Audit,2022-01-27,Western,OMM 605 - Snow Fence,,"[2026-07-27 · migration] Imported from NBHC tracker (appAKFzMSPbYl3FJ9)
Attachments to re-import (1): ODAFM947 - 27 Jan 22.pdf"
ODAFM948,Provincial Audit,2022-02-01,Eastern,OMM 705 - Ground Mounted Signs,,"[2026-07-27 · migration] Imported from NBHC tracker (appAKFzMSPbYl3FJ9)
Attachments to re-import (1): ODAFM948 - 01 Feb 22.pdf"
ODAFM949,Provincial Audit,2022-02-03,Western,OMM 405 - Liter Control,,"[2026-07-27 · migration] Imported from NBHC tracker (appAKFzMSPbYl3FJ9)
Attachments to re-import (1): ODAFM949 - 03 Feb 22.pdf"
ODAFM950,Provincial Audit,2022-02-08,Eastern,OMM 409 - Debris,,"[2026-07-27 · migration] Imported from NBHC tracker (appAKFzMSPbYl3FJ9)
Attachments to re-import (1): ODAFM950 - 08 Feb 22.pdf"
ODAFM951,Provincial Audit,2022-02-10,Western,OMM 407 - Rodent Control,,"[2026-07-27 · migration] Imported from NBHC tracker (appAKFzMSPbYl3FJ9)
Attachments to re-import (1): ODAFM951 - 10 Feb 22.pdf"
ODAFM952,Provincial Audit,2022-02-15,Eastern,OMM 701 - Pavement Markings,,"[2026-07-27 · migration] Imported from NBHC tracker (appAKFzMSPbYl3FJ9)
Attachments to re-import (1): ODAFM952 - 15 Feb 22.pdf"
ODAFM953,Provincial Audit,2022-02-17,Western,OMM 705 - Ground Mounted Signs,,"[2026-07-27 · migration] Imported from NBHC tracker (appAKFzMSPbYl3FJ9)
Attachments to re-import (1): ODAFM953 - 17 Feb 22.pdf"
ODAFM954,Provincial Audit,2022-03-01,Eastern,OMM 409 - Debris,,"[2026-07-27 · migration] Imported from NBHC tracker (appAKFzMSPbYl3FJ9)
Attachments to re-import (1): ODAFM954 - 01 Mar 22.pdf"
ODAFM955,Provincial Audit,2022-03-03,Western,OMM 705 - Ground Mounted Signs,,"[2026-07-27 · migration] Imported from NBHC tracker (appAKFzMSPbYl3FJ9)
Attachments to re-import (1): ODAFM955 - 03 Mar 22.pdf"
ODAFM956,Provincial Audit,2022-03-08,Eastern,OMM 702 - Conventional Illumination,,"[2026-07-27 · migration] Imported from NBHC tracker (appAKFzMSPbYl3FJ9)
Attachments to re-import (1): ODAFM956 - 08 Mar 22.pdf"
ODAFM957,Provincial Audit,2022-03-10,Western,OMM 705 - Ground Mounted Signs,,"[2026-07-27 · migration] Imported from NBHC tracker (appAKFzMSPbYl3FJ9)
Attachments to re-import (1): ODAFM957 - 10 Mar 22.pdf"
ODAFM958,Provincial Audit,2022-03-15,Eastern,OMM 705 - Ground Mounted Signs,,"[2026-07-27 · migration] Imported from NBHC tracker (appAKFzMSPbYl3FJ9)
Attachments to re-import (1): ODAFM958 - 15 Mar 22.pdf"
ODAFM959,Provincial Audit,2022-03-17,Western,OMM 708 - Crash Attenuation,,"[2026-07-27 · migration] Imported from NBHC tracker (appAKFzMSPbYl3FJ9)
Attachments to re-import (1): ODAFM959 - 17 Mar 22.pdf"
ODAFM960,Provincial Audit,2022-03-22,Eastern,OMM 406 - Fence,,"[2026-07-27 · migration] Imported from NBHC tracker (appAKFzMSPbYl3FJ9)
Attachments to re-import (1): ODAFM960 - 22 Mar 22.pdf"
ODAFM961,Provincial Audit,2022-03-24,Western,OMM 407 - Rodent Control,,"[2026-07-27 · migration] Imported from NBHC tracker (appAKFzMSPbYl3FJ9)
Attachments to re-import (1): ODAFM961 - 24 Mar 22.pdf"
ODAFM962,Provincial Audit,2022-03-29,Eastern,OMM 406 - Fence,,"[2026-07-27 · migration] Imported from NBHC tracker (appAKFzMSPbYl3FJ9)
Attachments to re-import (1): ODAFM962 - 29 Mar 22.pdf"
ODAFM963,Provincial Audit,2022-03-31,Western,OMM 409 - Debris,,"[2026-07-27 · migration] Imported from NBHC tracker (appAKFzMSPbYl3FJ9)
Attachments to re-import (1): ODAFM963 - 31 Mar 22.pdf"
ODAFM964,Provincial Audit,2022-04-05,Eastern,OMM 405 - Liter Control,,"[2026-07-27 · migration] Imported from NBHC tracker (appAKFzMSPbYl3FJ9)
Attachments to re-import (1): ODAFM964 - 05 Apr 22.pdf"
ODAFM965,Provincial Audit,2022-04-07,Eastern,OMM 703 - High Mast Illumination,,"[2026-07-27 · migration] Imported from NBHC tracker (appAKFzMSPbYl3FJ9)
Attachments to re-import (1): ODAFM965 - 07 Apr 22.pdf"
ODAFM966,Provincial Audit,2022-04-12,Eastern,OMM 510 - Obstructions to Water Flow,,"[2026-07-27 · migration] Imported from NBHC tracker (appAKFzMSPbYl3FJ9)
Attachments to re-import (1): ODAFM966 - 12 Apr 22.pdf"
ODAFM967,Provincial Audit,2022-04-14,Western,OMM 304 - Curbs and Gutters,,"[2026-07-27 · migration] Imported from NBHC tracker (appAKFzMSPbYl3FJ9)
Attachments to re-import (1): ODAFM967 - 14 Apr 22.pdf"
ODAFM968,Provincial Audit,2022-04-19,Eastern,OMM 703 - High Mast Illumination,,"[2026-07-27 · migration] Imported from NBHC tracker (appAKFzMSPbYl3FJ9)
Attachments to re-import (1): ODAFM968 - 19 Apr 22.pdf"
ODAFM969,Provincial Audit,2022-04-26,Eastern,OMM 404 - Tree Removal,,"[2026-07-27 · migration] Imported from NBHC tracker (appAKFzMSPbYl3FJ9)
Attachments to re-import (1): ODAFM969 - 26 Apr 22.pdf"
ODAFM970,Provincial Audit,2022-04-28,Western,OMM 402 - Brush Control,,"[2026-07-27 · migration] Imported from NBHC tracker (appAKFzMSPbYl3FJ9)
Attachments to re-import (1): ODAFM970 - 28 Apr 22.pdf"
ODAFM971,Provincial Audit,2022-05-03,Eastern,OMM 408 - Sweeping,,"[2026-07-27 · migration] Imported from NBHC tracker (appAKFzMSPbYl3FJ9)
Attachments to re-import (1): ODAFM971 - 03 May 22.pdf"
ODAFM972,Provincial Audit,2022-05-22,Western,OMM 701 - Pavement Markings,,"[2026-07-27 · migration] Imported from NBHC tracker (appAKFzMSPbYl3FJ9)
Attachments to re-import (1): ODAFM972 - 05 May 22.pdf"
ODAFM973,Provincial Audit,2022-05-12,Western,OMM 705 - Ground Mounted Signs,,"[2026-07-27 · migration] Imported from NBHC tracker (appAKFzMSPbYl3FJ9)
Attachments to re-import (1): ODAFM973 - 12 May 22.pdf"
ODAFM974,Provincial Audit,2022-05-19,Western,OMM 708 - Crash Attenuation,,"[2026-07-27 · migration] Imported from NBHC tracker (appAKFzMSPbYl3FJ9)
Attachments to re-import (1): ODAFM974 - 19 May 22.pdf"
ODAFM975,Provincial Audit,2022-05-24,Eastern,OMM 510 - Obstructions to Water Flow,,"[2026-07-27 · migration] Imported from NBHC tracker (appAKFzMSPbYl3FJ9)
Attachments to re-import (1): ODAFM975 - 24 May 22.pdf"
ODAFM976,Provincial Audit,2022-05-26,Western,OMM 708 - Crash Attenuation,,"[2026-07-27 · migration] Imported from NBHC tracker (appAKFzMSPbYl3FJ9)
Attachments to re-import (1): ODAFM976 - 26 May 22.pdf"
ODAFM977,Provincial Audit,2022-06-02,Western,OMM 405 - Liter Control,,"[2026-07-27 · migration] Imported from NBHC tracker (appAKFzMSPbYl3FJ9)
Attachments to re-import (1): ODAFM977 - 02 Jun 22.pdf"
ODAFM978,Provincial Audit,2022-06-07,Eastern,OMM 409 - Debris,,"[2026-07-27 · migration] Imported from NBHC tracker (appAKFzMSPbYl3FJ9)
Attachments to re-import (1): ODAFM978 - 07 Jun 22.pdf"
ODAFM979,Provincial Audit,2022-06-09,Western,OMM 201 - Paved Shoulders,,"[2026-07-27 · migration] Imported from NBHC tracker (appAKFzMSPbYl3FJ9)
Attachments to re-import (1): ODAFM979 - 09 Jun 22.pdf"
ODAFM980,Provincial Audit,2022-06-14,Eastern,OMM 401 - Grass Control,,"[2026-07-27 · migration] Imported from NBHC tracker (appAKFzMSPbYl3FJ9)
Attachments to re-import (1): ODAFM980 - 14 Jun 22.pdf"
ODAFM981,Provincial Audit,2022-06-16,Western,OMM 401 - Grass Control,,"[2026-07-27 · migration] Imported from NBHC tracker (appAKFzMSPbYl3FJ9)
Attachments to re-import (1): ODAFM981 - 16 Jun 22.pdf"
ODAFM982,Provincial Audit,2022-06-22,Eastern,OMM 504 - Traveled Surface of Bridges,,"[2026-07-27 · migration] Imported from NBHC tracker (appAKFzMSPbYl3FJ9)
Attachments to re-import (1): ODAFM982 - 21 Jun 22.pdf"
ODAFM983,Provincial Audit,2022-06-23,Western,OMM 507 - Bridge Cleaning,,"[2026-07-27 · migration] Imported from NBHC tracker (appAKFzMSPbYl3FJ9)
Attachments to re-import (1): ODAFM983 - 23 Jun 22.pdf"
ODAFM984,Provincial Audit,2022-06-28,Eastern,OMM 510 - Obstructions to Water Flow,,"[2026-07-27 · migration] Imported from NBHC tracker (appAKFzMSPbYl3FJ9)
Attachments to re-import (1): ODAFM984 - 28 Jun 22.pdf"
ODAFM985,Provincial Audit,2022-06-30,Western,OMM 202 - Gravel Shoulders,,"[2026-07-27 · migration] Imported from NBHC tracker (appAKFzMSPbYl3FJ9)
Attachments to re-import (1): ODAFM985 - 30 Jun 22.pdf"
ODAFM986,Provincial Audit,2022-07-05,Eastern,OMM 410 - Earth Slopes,,"[2026-07-27 · migration] Imported from NBHC tracker (appAKFzMSPbYl3FJ9)
Attachments to re-import (1): ODAFM986 - 05 Jul 22.pdf"
ODAFM987,Provincial Audit,2022-07-07,Western,OMM 407 - Rodent Control,,"[2026-07-27 · migration] Imported from NBHC tracker (appAKFzMSPbYl3FJ9)
Attachments to re-import (1): ODAFM987 - 07 Jul 22.pdf"
ODAFM988,Provincial Audit,2022-07-21,Eastern,OMM 507 - Bridge Cleaning,,"[2026-07-27 · migration] Imported from NBHC tracker (appAKFzMSPbYl3FJ9)
Attachments to re-import (1): ODAFM988 - 12 Jul 22.pdf"
ODAFM989,Provincial Audit,2022-07-21,Western,OMM 506 - Bridge Barrier,,"[2026-07-27 · migration] Imported from NBHC tracker (appAKFzMSPbYl3FJ9)
Attachments to re-import (1): ODAFM989 - 14 Jul 22.pdf"
ODAFM990,Provincial Audit,2022-07-19,Eastern,OMM 506 - Bridge Barrier,,"[2026-07-27 · migration] Imported from NBHC tracker (appAKFzMSPbYl3FJ9)
Attachments to re-import (1): ODAFM990 - 19 Jul 22.pdf"
ODAFM991,Provincial Audit,2022-07-21,Western,OMM 410 - Earth Slopes,,"[2026-07-27 · migration] Imported from NBHC tracker (appAKFzMSPbYl3FJ9)
Attachments to re-import (1): ODAFM991 - 21 Jul 22.pdf"
ODAFM992,Provincial Audit,2022-07-26,Eastern,OMM 703 - High Mast Illumination,,"[2026-07-27 · migration] Imported from NBHC tracker (appAKFzMSPbYl3FJ9)
Attachments to re-import (1): ODAFM992 - 26 Jul 22.pdf"
ODAFM993,Provincial Audit,2022-07-28,Western,OMM 507 - Bridge Cleaning,,"[2026-07-27 · migration] Imported from NBHC tracker (appAKFzMSPbYl3FJ9)
Attachments to re-import (1): ODAFM993 - 28 Jul 22.pdf"
ODAFM994,Provincial Audit,2022-08-09,Eastern,OMM 302 - Ditches,,"[2026-07-27 · migration] Imported from NBHC tracker (appAKFzMSPbYl3FJ9)
Attachments to re-import (1): ODAFM994 - 09 Aug 22.pdf"
ODAFM995,Provincial Audit,2022-08-11,Western,OMM 705 - Ground Mounted Signs,,"[2026-07-27 · migration] Imported from NBHC tracker (appAKFzMSPbYl3FJ9)
Attachments to re-import (1): ODAFM995 - 11 Aug 22.pdf"
ODAFM996,Provincial Audit,2022-08-16,Eastern,OMM 410 - Earth Slopes,,"[2026-07-27 · migration] Imported from NBHC tracker (appAKFzMSPbYl3FJ9)
Attachments to re-import (1): ODAFM996 - 16 Aug 22.pdf"
ODAFM997,Provincial Audit,2022-08-18,Western,OMM 405 - Liter Control,,"[2026-07-27 · migration] Imported from NBHC tracker (appAKFzMSPbYl3FJ9)
Attachments to re-import (1): ODAFM997 - 18 Aug 22.pdf"
ODAFM998,Provincial Audit,2022-08-23,Eastern,OMM 701 - Pavement Markings,,"[2026-07-27 · migration] Imported from NBHC tracker (appAKFzMSPbYl3FJ9)
Attachments to re-import (1): ODAFM998 - 23 Aug 22.pdf"
ODAFM999,Provincial Audit,2022-08-25,Western,OMM 410 - Earth Slopes,,"[2026-07-27 · migration] Imported from NBHC tracker (appAKFzMSPbYl3FJ9)
Attachments to re-import (1): ODAFM999 - 25 Aug 22.pdf"
ODAFM1000,Provincial Audit,2022-08-30,Eastern,OMM 705 - Ground Mounted Signs,,"[2026-07-27 · migration] Imported from NBHC tracker (appAKFzMSPbYl3FJ9)
Attachments to re-import (1): ODAFM1000 - 30 Aug 22.pdf"
ODAFM1001,Provincial Audit,2022-09-01,Eastern,OMM 410 - Earth Slopes,,"[2026-07-27 · migration] Imported from NBHC tracker (appAKFzMSPbYl3FJ9)
Attachments to re-import (1): ODAFM1001 - 01 Sep 22.pdf"
ODAFM1002,Provincial Audit,2022-09-13,Eastern,OMM 305 - Roadway Subdrains,,"[2026-07-27 · migration] Imported from NBHC tracker (appAKFzMSPbYl3FJ9)
Attachments to re-import (1): ODAFM1002 - 13 Sep 22.pdf"
ODAFM1003,Provincial Audit,2022-09-15,Western,OMM 302 - Ditches,,"[2026-07-27 · migration] Imported from NBHC tracker (appAKFzMSPbYl3FJ9)
Attachments to re-import (1): ODAFM1003 - 15 Sep 22.pdf"
ODAFM1004,Provincial Audit,2022-09-20,Eastern,OMM 410 - Earth Slopes,,"[2026-07-27 · migration] Imported from NBHC tracker (appAKFzMSPbYl3FJ9)
Attachments to re-import (1): ODAFM1004 - 20 Sep 22.pdf"
ODAFM1005,Provincial Audit,2022-09-22,Western,OMM 506 - Bridge Barrier,,"[2026-07-27 · migration] Imported from NBHC tracker (appAKFzMSPbYl3FJ9)
Attachments to re-import (1): ODAFM1005 - 22 Sep 22.pdf"
ODAFM1006,Provincial Audit,2022-09-27,Eastern,OMM 401 - Grass Control,,"[2026-07-27 · migration] Imported from NBHC tracker (appAKFzMSPbYl3FJ9)
Attachments to re-import (1): ODAFM1006 - 27 Sep 22.pdf"
ODAFM1007,Provincial Audit,2022-09-29,Western,OMM 504 - Traveled Surface of Bridges,,"[2026-07-27 · migration] Imported from NBHC tracker (appAKFzMSPbYl3FJ9)
Attachments to re-import (1): ODAFM1007 - 29 Sep 22.pdf"
ODAFM1008,Provincial Audit,2022-10-04,Eastern,OMM 202 - Gravel Shoulders,,"[2026-07-27 · migration] Imported from NBHC tracker (appAKFzMSPbYl3FJ9)
Attachments to re-import (1): ODAFM1008 - 04 Oct 22.pdf"
ODAFM1009,Provincial Audit,2022-10-06,Western,OMM 410 - Earth Slopes,,"[2026-07-27 · migration] Imported from NBHC tracker (appAKFzMSPbYl3FJ9)
Attachments to re-import (1): ODAFM1009 - 06 Oct 22.pdf"
ODAFM1010,Provincial Audit,2022-10-11,Eastern,OMM 701 - Pavement Markings,,"[2026-07-27 · migration] Imported from NBHC tracker (appAKFzMSPbYl3FJ9)
Attachments to re-import (1): ODAFM1010 - 11 Oct 22.pdf"
ODAFM1011,Provincial Audit,2022-10-13,Western,OMM 302 - Ditches,,"[2026-07-27 · migration] Imported from NBHC tracker (appAKFzMSPbYl3FJ9)
Attachments to re-import (1): ODAFM1011 - 13 Oct 22.pdf"
ODAFM1012,Provincial Audit,2022-10-18,Eastern,OMM 305 - Roadway Subdrains,,"[2026-07-27 · migration] Imported from NBHC tracker (appAKFzMSPbYl3FJ9)
Attachments to re-import (1): ODAFM1012 - 18 Oct 22.pdf"
ODAFM1013,Provincial Audit,2022-10-20,Eastern,OMM 701 - Pavement Markings,,"[2026-07-27 · migration] Imported from NBHC tracker (appAKFzMSPbYl3FJ9)
Attachments to re-import (1): ODAFM1013 - 20 Oct 22.pdf"
ODAFM1014,Provincial Audit,2022-10-25,Eastern,OMM 504 - Traveled Surface of Bridges,,"[2026-07-27 · migration] Imported from NBHC tracker (appAKFzMSPbYl3FJ9)
Attachments to re-import (1): ODAFM1014 - 25 Oct 22.pdf"
ODAFM1015,Provincial Audit,2022-10-27,Western,OMM 201 - Paved Shoulders,,"[2026-07-27 · migration] Imported from NBHC tracker (appAKFzMSPbYl3FJ9)
Attachments to re-import (1): ODAFM1015 - 27 Oct 22.pdf"
ODAFM1016,Provincial Audit,2022-11-01,Eastern,OMM 303 - Culverts,,"[2026-07-27 · migration] Imported from NBHC tracker (appAKFzMSPbYl3FJ9)
Attachments to re-import (1): ODAFM1016 - 01 Nov 22.pdf"
ODAFM1017,Provincial Audit,2022-11-03,Western,OMM 306 - Beaver Dam Control,,"[2026-07-27 · migration] Imported from NBHC tracker (appAKFzMSPbYl3FJ9)
Attachments to re-import (1): ODAFM1017 - 03 Nov 22.pdf"
ODAFM1018,Provincial Audit,2022-11-08,Eastern,OMM 705 - Ground Mounted Signs,,"[2026-07-27 · migration] Imported from NBHC tracker (appAKFzMSPbYl3FJ9)
Attachments to re-import (1): ODAFM1018 - 08 Nov 22.pdf"
ODAFM1019,Provincial Audit,2022-11-10,Western,OMM 405 - Liter Control,,"[2026-07-27 · migration] Imported from NBHC tracker (appAKFzMSPbYl3FJ9)
Attachments to re-import (1): ODAFM1019 - 10 Nov 22.pdf"
ODAFM1020,Provincial Audit,2022-11-15,Eastern,OMM 605 - Snow Fence,,"[2026-07-27 · migration] Imported from NBHC tracker (appAKFzMSPbYl3FJ9)
Attachments to re-import (1): ODAFM1020 - 15 Nov 22.pdf"
ODAFM1021,Provincial Audit,2022-11-17,Western,OMM 304 - Curbs and Gutters,,"[2026-07-27 · migration] Imported from NBHC tracker (appAKFzMSPbYl3FJ9)
Attachments to re-import (1): ODAFM1021 - 17 Nov 22.pdf"
ODAFM1022,Provincial Audit,2022-11-22,Eastern,OMM 708 - Crash Attenuation,,"[2026-07-27 · migration] Imported from NBHC tracker (appAKFzMSPbYl3FJ9)
Attachments to re-import (1): ODAFM1022 - 22 Nov 22.pdf"
ODAFM1023,Provincial Audit,2022-11-24,Western,OMM 705 - Ground Mounted Signs,,"[2026-07-27 · migration] Imported from NBHC tracker (appAKFzMSPbYl3FJ9)
Attachments to re-import (1): ODAFM1023 - 24 Nov 22.pdf"
ODAFM1024,Provincial Audit,2022-12-06,Eastern,OMM 409 - Debris,,"[2026-07-27 · migration] Imported from NBHC tracker (appAKFzMSPbYl3FJ9)
Attachments to re-import (1): ODAFM1024 - 06 Dec 22.pdf"
ODAFM1025,Provincial Audit,2022-12-08,Western,OMM 702 - Conventional Illumination,,"[2026-07-27 · migration] Imported from NBHC tracker (appAKFzMSPbYl3FJ9)
Attachments to re-import (1): ODAFM1025 - 08 Dec 22.pdf"
ODAFM1026,Provincial Audit,2022-12-13,Eastern,OMM 304 - Curbs and Gutters,,"[2026-07-27 · migration] Imported from NBHC tracker (appAKFzMSPbYl3FJ9)
Attachments to re-import (1): ODAFM1026 - 13 Dec 22.pdf"
ODAFM1027,Provincial Audit,2022-12-20,Eastern,OMM 303 - Culverts,,"[2026-07-27 · migration] Imported from NBHC tracker (appAKFzMSPbYl3FJ9)
Attachments to re-import (1): ODAFM1027 - 20 Dec 22.pdf"
ODAFM1028,Provincial Audit,2022-12-22,Western,OMM 303 - Culverts,,"[2026-07-27 · migration] Imported from NBHC tracker (appAKFzMSPbYl3FJ9)
Attachments to re-import (1): ODAFM1028 - 22 Dec 22.pdf"
ODAFM1029,Provincial Audit,2023-01-05,Western,OMM 409 - Debris,,"[2026-07-27 · migration] Imported from NBHC tracker (appAKFzMSPbYl3FJ9)
Attachments to re-import (1): ODAFM1029 - 05 Jan 23.pdf"
ODAFM1030,Provincial Audit,2023-01-10,Eastern,OMM 705 - Ground Mounted Signs,,"[2026-07-27 · migration] Imported from NBHC tracker (appAKFzMSPbYl3FJ9)
Attachments to re-import (1): ODAFM1030 - 10 Jan 23.pdf"
ODAFM1031,Provincial Audit,2023-01-12,Western,OMM 405 - Liter Control,,"[2026-07-27 · migration] Imported from NBHC tracker (appAKFzMSPbYl3FJ9)
Attachments to re-import (1): ODAFM1031 - 12 Jan 23.pdf"
ODAFM1032,Provincial Audit,2023-01-17,Eastern,OMM 701 - Pavement Markings,,"[2026-07-27 · migration] Imported from NBHC tracker (appAKFzMSPbYl3FJ9)
Attachments to re-import (1): ODAFM1032 - 17 Jan 23.pdf"
ODAFM1033,Provincial Audit,2023-01-19,Eastern,OMM 306 - Beaver Dam Control,,"[2026-07-27 · migration] Imported from NBHC tracker (appAKFzMSPbYl3FJ9)
Attachments to re-import (1): ODAFM1033 - 19 Jan 23.pdf"
ODAFM1034,Provincial Audit,2023-01-24,Eastern,OMM 603 - Sand and Salt Spreading,,"[2026-07-27 · migration] Imported from NBHC tracker (appAKFzMSPbYl3FJ9)
Attachments to re-import (1): ODAFM1034 - 24 Jan 23.pdf"
ODAFM1035,Provincial Audit,2023-01-26,Western,OMM 409 - Debris,,"[2026-07-27 · migration] Imported from NBHC tracker (appAKFzMSPbYl3FJ9)
Attachments to re-import (1): ODAFM1035 - 26 Jan 23.pdf"
ODAFM1036,Provincial Audit,2023-01-31,Eastern,OMM 705 - Ground Mounted Signs,,"[2026-07-27 · migration] Imported from NBHC tracker (appAKFzMSPbYl3FJ9)
Attachments to re-import (1): ODAFM1036 - 31 Jan 23.pdf"
ODAFM1037,Provincial Audit,2023-01-02,Western,OMM 409 - Debris,,"[2026-07-27 · migration] Imported from NBHC tracker (appAKFzMSPbYl3FJ9)
Attachments to re-import (1): ODAFM1037 - 02 Feb 23.pdf"
ODAFM1038,Provincial Audit,2023-02-07,Eastern,OMM 407 - Rodent Control,,"[2026-07-27 · migration] Imported from NBHC tracker (appAKFzMSPbYl3FJ9)
Attachments to re-import (1): ODAFM1038 - 07 Feb 23.pdf"
ODAFM1039,Provincial Audit,2023-02-09,Western,OMM 702 - Conventional Illumination,,"[2026-07-27 · migration] Imported from NBHC tracker (appAKFzMSPbYl3FJ9)
Attachments to re-import (1): ODAFM1039 - 09 Feb 23.pdf"
ODAFM1040,Provincial Audit,2023-02-14,Eastern,OMM 604 - Snow Removal,OMNCN0955,"[2026-07-27 · migration] Imported from NBHC tracker (appAKFzMSPbYl3FJ9)
Attachments to re-import (1): ODAFM1040 - 04 Feb 23.pdf"
ODAFM1041,Provincial Audit,2023-02-16,Western,OMM 304 - Curbs and Gutters,,"[2026-07-27 · migration] Imported from NBHC tracker (appAKFzMSPbYl3FJ9)
Attachments to re-import (1): ODAFM1041 - 16 Feb 23.pdf"
ODAFM1042,Provincial Audit,2023-02-21,Eastern,OMM 705 - Ground Mounted Signs,,"[2026-07-27 · migration] Imported from NBHC tracker (appAKFzMSPbYl3FJ9)
Attachments to re-import (1): ODAFM1042 - 21 Feb 23.pdf"
ODAFM1043,Provincial Audit,2023-02-23,Western,OMM 302 - Ditches,,"[2026-07-27 · migration] Imported from NBHC tracker (appAKFzMSPbYl3FJ9)
Attachments to re-import (1): ODAFM1043 - 23 Feb 23.pdf"
ODAFM1044,Provincial Audit,2023-02-28,Eastern,OMM 404 - Tree Removal,,"[2026-07-27 · migration] Imported from NBHC tracker (appAKFzMSPbYl3FJ9)
Attachments to re-import (1): ODAFM1044 - 28 Feb 23.pdf"
ODAFM1045,Provincial Audit,2023-03-02,Western,OMM 702 - Conventional Illumination,,"[2026-07-27 · migration] Imported from NBHC tracker (appAKFzMSPbYl3FJ9)
Attachments to re-import (1): ODAFM1045 - 02 Mar 23.pdf"
ODAFM1046,Provincial Audit,2023-03-07,Eastern,OMM 708 - Crash Attenuation,,"[2026-07-27 · migration] Imported from NBHC tracker (appAKFzMSPbYl3FJ9)
Attachments to re-import (1): ODAFM1046 - 07 Mar 23.pdf"
ODAFM1047,Provincial Audit,2023-03-14,Eastern,OMM 409 - Debris,,"[2026-07-27 · migration] Imported from NBHC tracker (appAKFzMSPbYl3FJ9)
Attachments to re-import (1): ODAFM1047 - 14 Mar 23.pdf"
ODAFM1048,Provincial Audit,2023-03-21,Eastern,OMM 704 - Truss  Mounted Signs,,"[2026-07-27 · migration] Imported from NBHC tracker (appAKFzMSPbYl3FJ9)
Attachments to re-import (1): ODAFM1048 - 21 Mar 23.pdf"
ODAFM1049,Provincial Audit,2023-03-23,Western,OMM 708 - Crash Attenuation,,"[2026-07-27 · migration] Imported from NBHC tracker (appAKFzMSPbYl3FJ9)
Attachments to re-import (1): ODAFM1049 - 23 Mar 23.pdf"
ODAFM1050,Provincial Audit,2023-04-06,Western,OMM 510 - Obstructions to Water Flow,,"[2026-07-27 · migration] Imported from NBHC tracker (appAKFzMSPbYl3FJ9)
Attachments to re-import (1): ODAFM1050 - 06 Apr 23.pdf"
ODAFM1051,Provincial Audit,2023-04-13,Western,OMM 405 - Liter Control,,"[2026-07-27 · migration] Imported from NBHC tracker (appAKFzMSPbYl3FJ9)
Attachments to re-import (1): ODAFM1051 - 13 Apr 23.pdf"
ODAFM1052,Provincial Audit,2023-04-20,Western,OMM 402 - Brush Control,,"[2026-07-27 · migration] Imported from NBHC tracker (appAKFzMSPbYl3FJ9)
Attachments to re-import (1): ODAFM1052 - 20 Apr 23.pdf"
ODAFM1053,Provincial Audit,2023-04-25,Eastern,OMM 408 - Sweeping,,"[2026-07-27 · migration] Imported from NBHC tracker (appAKFzMSPbYl3FJ9)
Attachments to re-import (1): ODAFM1053 - 25 Apr 23.pdf"
ODAFM1054,Provincial Audit,2023-04-27,Western,OMM 510 - Obstructions to Water Flow,,"[2026-07-27 · migration] Imported from NBHC tracker (appAKFzMSPbYl3FJ9)
Attachments to re-import (1): ODAFM1054 - 27 Apr 23.pdf"
ODAFM1055,Provincial Audit,2023-05-02,Eastern,OMM 510 - Obstructions to Water Flow,,"[2026-07-27 · migration] Imported from NBHC tracker (appAKFzMSPbYl3FJ9)
Attachments to re-import (1): ODAFM1055 - 02 May 23.pdf"
ODAFM1056,Provincial Audit,2023-05-09,Eastern,OMM 708 - Crash Attenuation,,"[2026-07-27 · migration] Imported from NBHC tracker (appAKFzMSPbYl3FJ9)
Attachments to re-import (1): ODAFM1056 - 09 May 23.pdf"
ODAFM1057,Provincial Audit,2023-05-11,Western,OMM 408 - Sweeping,,"[2026-07-27 · migration] Imported from NBHC tracker (appAKFzMSPbYl3FJ9)
Attachments to re-import (1): ODAFM1057 - 11 May 23.pdf"
ODAFM1058,Provincial Audit,2023-05-16,Eastern,OMM 705 - Ground Mounted Signs,,"[2026-07-27 · migration] Imported from NBHC tracker (appAKFzMSPbYl3FJ9)
Attachments to re-import (1): ODAFM1058 - 16 May 23.pdf"
ODAFM1059,Provincial Audit,2023-05-23,Eastern,OMM 701 - Pavement Markings,,"[2026-07-27 · migration] Imported from NBHC tracker (appAKFzMSPbYl3FJ9)
Attachments to re-import (1): ODAFM1059 - 23 May 23.pdf"
ODAFM1060,Provincial Audit,2023-05-25,Western,OMM 704 - Truss  Mounted Signs,,"[2026-07-27 · migration] Imported from NBHC tracker (appAKFzMSPbYl3FJ9)
Attachments to re-import (1): ODAFM1060 - 25 May 23.pdf"
ODAFM1061,Provincial Audit,2023-05-30,Eastern,OMM 306 - Beaver Dam Control,,"[2026-07-27 · migration] Imported from NBHC tracker (appAKFzMSPbYl3FJ9)
Attachments to re-import (1): ODAFM1061 - 30 May 23.pdf"
ODAFM1062,Provincial Audit,2023-06-06,Eastern,OMM 405 - Liter Control,,"[2026-07-27 · migration] Imported from NBHC tracker (appAKFzMSPbYl3FJ9)
Attachments to re-import (1): ODAFM1062 - 06 Jun 23.pdf"
ODAFM1063,Provincial Audit,2023-06-08,Western,OMM 409 - Debris,,"[2026-07-27 · migration] Imported from NBHC tracker (appAKFzMSPbYl3FJ9)
Attachments to re-import (1): ODAFM1063 - 08 Jun 23.pdf"
ODAFM1064,Provincial Audit,2023-06-22,Western,OMM 405 - Liter Control,,"[2026-07-27 · migration] Imported from NBHC tracker (appAKFzMSPbYl3FJ9)
Attachments to re-import (1): ODAFM1064 - 22 Jun 23.pdf"
ODAFM1065,Provincial Audit,2023-06-15,Western,OMM 401 - Grass Control,,"[2026-07-27 · migration] Imported from NBHC tracker (appAKFzMSPbYl3FJ9)
Attachments to re-import (1): ODAFM1065 - 15 Jun 23.pdf"
ODAFM1066,Provincial Audit,2023-06-20,Eastern,OMM 506 - Bridge Barrier,,"[2026-07-27 · migration] Imported from NBHC tracker (appAKFzMSPbYl3FJ9)
Attachments to re-import (1): ODAFM1066 - 20 Jun 23.pdf"
ODAFM1067,Provincial Audit,2023-07-17,Western,OMM 507 - Bridge Cleaning,,"[2026-07-27 · migration] Imported from NBHC tracker (appAKFzMSPbYl3FJ9)
Attachments to re-import (1): ODAFM1067 - 22 Jun 23.pdf"
ODAFM1068,Provincial Audit,2023-06-27,Eastern,OMM 405 - Liter Control,,"[2026-07-27 · migration] Imported from NBHC tracker (appAKFzMSPbYl3FJ9)
Attachments to re-import (1): ODAFM1068 - 27 Jun 23.pdf"
ODAFM1069,Provincial Audit,2023-06-29,Western,OMM 702 - Conventional Illumination,,"[2026-07-27 · migration] Imported from NBHC tracker (appAKFzMSPbYl3FJ9)
Attachments to re-import (1): ODAFM1069 - 29 Jun 23.pdf"
ODAFM1070,Provincial Audit,2023-07-04,Eastern,OMM 704 - Truss  Mounted Signs,,"[2026-07-27 · migration] Imported from NBHC tracker (appAKFzMSPbYl3FJ9)
Attachments to re-import (1): ODAFM1070 - 04 Jul 23.pdf"
ODAFM1071,Provincial Audit,2023-07-06,Western,OMM 410 - Earth Slopes,,"[2026-07-27 · migration] Imported from NBHC tracker (appAKFzMSPbYl3FJ9)
Attachments to re-import (1): ODAFM1071 - 06 Jul 23.pdf"
ODAFM1072,Provincial Audit,2023-08-17,Eastern,OMM 410 - Earth Slopes,,"[2026-07-27 · migration] Imported from NBHC tracker (appAKFzMSPbYl3FJ9)
Attachments to re-import (1): ODAFM1072 - 08 Aug 23.pdf"
ODAFM1073,Provincial Audit,2023-08-17,Eastern,OMM 302 - Ditches,,"[2026-07-27 · migration] Imported from NBHC tracker (appAKFzMSPbYl3FJ9)
Attachments to re-import (1): ODAFM1073 - 10 Aug 23.pdf"
OFFM0010,Provincial Audit,2024-09-10,Eastern,OMM 706 - Steel Beam Guide Rail,,"[2026-07-27 · migration] Imported from NBHC tracker (appAKFzMSPbYl3FJ9)
Attachments to re-import (1): OWFFM0010 - 10 Sep 2024.pdf"
OFTFFM0055,Provincial Audit,2025-12-02,Eastern,OMM 101 - Asphalt Concrete Pavements,,"[2026-07-27 · migration] Imported from NBHC tracker (appAKFzMSPbYl3FJ9)
Attachments to re-import (1): OKTFM0055 -02 Dec 2025.pdf"
OFTFFM0056,Provincial Audit,2025-12-04,Western,OMM 401 - Grass Control,,"[2026-07-27 · migration] Imported from NBHC tracker (appAKFzMSPbYl3FJ9)
Attachments to re-import (1): OKTFM0056 - 04 Dec 2025.pdf"
OFTFM0017,Provincial Audit,2024-11-14,Western,OMM 705 - Ground Mounted Signs,,"[2026-07-27 · migration] Imported from NBHC tracker (appAKFzMSPbYl3FJ9)
Attachments to re-import (1): OKTFM0017 - 14 Nov 2024.pdf"
OFTFM0044,Provincial Audit,2025-04-08,Eastern,OMM 704 - Truss  Mounted Signs,,"[2026-07-27 · migration] Imported from NBHC tracker (appAKFzMSPbYl3FJ9)
Attachments to re-import (1): OKTFM0044 -08 April 2025.pdf"
OKTFFM0026,Provincial Audit,2025-01-07,Eastern,OMM 707 - Concrete Barrier,,"[2026-07-27 · migration] Imported from NBHC tracker (appAKFzMSPbYl3FJ9)
Attachments to re-import (1): OKTFM0026 - 07 Jan 2025.pdf"
OKTFFM0027,Provincial Audit,2025-01-14,Eastern,OMM 401 - Grass Control,,"[2026-07-27 · migration] Imported from NBHC tracker (appAKFzMSPbYl3FJ9)
Attachments to re-import (1): OKTFM0027 -14 Jan 2025.pdf"
OKTFFM0031,Provincial Audit,2025-02-03,Eastern,OMM 306 - Beaver Dam Control,,"[2026-07-27 · migration] Imported from NBHC tracker (appAKFzMSPbYl3FJ9)
Attachments to re-import (1): OKTFM0031 -03 Feb 2025.pdf"
OKTFFM0036,Provincial Audit,2025-02-25,Eastern,OMM 101 - Asphalt Concrete Pavements,,"[2026-07-27 · migration] Imported from NBHC tracker (appAKFzMSPbYl3FJ9)
Attachments to re-import (1): OKTFM0036 -25 Feb 2025.pdf"
OKTFFM0037,Provincial Audit,2025-02-27,Western,OMM 302 - Ditches,,"[2026-07-27 · migration] Imported from NBHC tracker (appAKFzMSPbYl3FJ9)
Attachments to re-import (1): OKTFM0037 -27 Feb 2025.pdf"
OKTFFM0038,Provincial Audit,2025-03-04,Eastern,OMM 201 - Paved Shoulders,,"[2026-07-27 · migration] Imported from NBHC tracker (appAKFzMSPbYl3FJ9)
Attachments to re-import (1): OKTFM0038 -04 Mar 2025.pdf"
OKTFFM0039,Provincial Audit,2025-03-06,Eastern,OMM 405 - Liter Control,,"[2026-07-27 · migration] Imported from NBHC tracker (appAKFzMSPbYl3FJ9)
Attachments to re-import (1): OKTFM0039 -06 Mar 2025.pdf"
OKTFFM0040,Provincial Audit,2025-03-11,Eastern,OMM 303 - Culverts,,"[2026-07-27 · migration] Imported from NBHC tracker (appAKFzMSPbYl3FJ9)
Attachments to re-import (1): OKTFM0040 -11 Mar 2025.pdf"
OKTFFM0041,Provincial Audit,2025-03-14,Western,OMM 603 - Sand and Salt Spreading,,"[2026-07-27 · migration] Imported from NBHC tracker (appAKFzMSPbYl3FJ9)
Attachments to re-import (1): OKTFM0041 -14 Mar 2025.pdf"
OKTFFM0051,Provincial Audit,2025-11-13,Western,OMM 705 - Ground Mounted Signs,,"[2026-07-27 · migration] Imported from NBHC tracker (appAKFzMSPbYl3FJ9)
Attachments to re-import (1): OKTFM0051 -13 Nov 2025.pdf"
OKTFFM0052,Provincial Audit,2025-11-18,Eastern,OMM 302 - Ditches,,"[2026-07-27 · migration] Imported from NBHC tracker (appAKFzMSPbYl3FJ9)
Attachments to re-import (1): OKTFM0052 -18 Nov 2025.pdf"
OKTFFM0053,Provincial Audit,2025-11-25,Eastern,OMM 505 - Expansion Joint Maintenance,,"[2026-07-27 · migration] Imported from NBHC tracker (appAKFzMSPbYl3FJ9)
Attachments to re-import (1): OKTFM0053 -25 Nov 2025.pdf"
OKTFFM0054,Provincial Audit,2025-11-27,Western,OMM 102 - Portland Concrete,,"[2026-07-27 · migration] Imported from NBHC tracker (appAKFzMSPbYl3FJ9)
Attachments to re-import (1): OKTFM0054 -27 Nov 2025.pdf"
OKTFFM0057,Provincial Audit,2025-12-09,Eastern,OMM 707 - Concrete Barrier,,"[2026-07-27 · migration] Imported from NBHC tracker (appAKFzMSPbYl3FJ9)
Attachments to re-import (1): OKTFM0057 - 09 Dec 2025.pdf"
OKTFFM0058,Provincial Audit,2025-12-11,Western,OMM 306 - Beaver Dam Control,,"[2026-07-27 · migration] Imported from NBHC tracker (appAKFzMSPbYl3FJ9)
Attachments to re-import (1): OKTFM0058 - 11 Dec 2025.pdf"
OKTFFM0059,Provincial Audit,2025-12-16,Eastern,OMM 602 - Snow Plowing,,"[2026-07-27 · migration] Imported from NBHC tracker (appAKFzMSPbYl3FJ9)
Attachments to re-import (1): OKTFM0059 - 16 Dec 2025.pdf"
OKTFM0004,Provincial Audit,2024-02-20,Eastern,OMM 603 - Sand and Salt Spreading,,"[2026-07-27 · migration] Imported from NBHC tracker (appAKFzMSPbYl3FJ9)
Attachments to re-import (1): OKTFM0004 - 20-Feb-2024.pdf"
OKTFM0005,Provincial Audit,2024-02-22,Western,OMM 508 - Vegetation Control,,"[2026-07-27 · migration] Imported from NBHC tracker (appAKFzMSPbYl3FJ9)
Attachments to re-import (1): OKTFM0005 - 22-Feb-2024.pdf"
OKTFM0006,Provincial Audit,2024-02-06,Eastern,OMM 708 - Crash Attenuation,,"[2026-07-27 · migration] Imported from NBHC tracker (appAKFzMSPbYl3FJ9)
Attachments to re-import (1): OKTFM0006 - 27-Feb-2024.pdf"
OKTFM0007,Provincial Audit,2024-03-05,Eastern,OMM 603 - Sand and Salt Spreading,,"[2026-07-27 · migration] Imported from NBHC tracker (appAKFzMSPbYl3FJ9)
Attachments to re-import (1): OKTFM0007 - 05 Mar 2024.pdf"
OKTFM0008,Provincial Audit,2024-03-12,Eastern,OMM 202 - Gravel Shoulders,,"[2026-07-27 · migration] Imported from NBHC tracker (appAKFzMSPbYl3FJ9)
Attachments to re-import (1): OKTFM0008 - 12 Mar 2024.pdf"
OKTFM0009,Provincial Audit,2024-03-14,Western,OMM 705 - Ground Mounted Signs,,"[2026-07-27 · migration] Imported from NBHC tracker (appAKFzMSPbYl3FJ9)
Attachments to re-import (1): OKTFM0009 - 14 Mar 2024.pdf"
OKTFM0010,Provincial Audit,2024-03-19,Eastern,OMM 303 - Culverts,,"[2026-07-27 · migration] Imported from NBHC tracker (appAKFzMSPbYl3FJ9)
Attachments to re-import (1): OKTFM0010 - 19 Mar 2024.pdf"
OKTFM0011,Provincial Audit,2024-03-26,Eastern,OMM 406 - Fence,,"[2026-07-27 · migration] Imported from NBHC tracker (appAKFzMSPbYl3FJ9)
Attachments to re-import (1): OKTFM0011 - 26 Mar 2024.pdf"
OKTFM0012,Provincial Audit,2024-04-02,Eastern,OMM 408 - Sweeping,,"[2026-07-27 · migration] Imported from NBHC tracker (appAKFzMSPbYl3FJ9)
Attachments to re-import (1): OKTFM0012 - 02 Apr 2024.pdf"
OKTFM0013,Provincial Audit,2024-04-04,Western,OMM 303 - Culverts,,"[2026-07-27 · migration] Imported from NBHC tracker (appAKFzMSPbYl3FJ9)
Attachments to re-import (1): OKTFM0013 - 04 Apr 2024.pdf"
OKTFM0014,Provincial Audit,2024-04-09,Eastern,OMM 400 - Vegetation Mangement,,"[2026-07-27 · migration] Imported from NBHC tracker (appAKFzMSPbYl3FJ9)
Attachments to re-import (1): OKTFM0014 - 09 Apr 2024.pdf"
OKTFM0015,Provincial Audit,2024-04-11,Western,OMM 706 - Steel Beam Guide Rail,,"[2026-07-27 · migration] Imported from NBHC tracker (appAKFzMSPbYl3FJ9)
Attachments to re-import (1): OKTFM0015 - 11 Apr 2024.pdf"
OKTFM016,Provincial Audit,2024-11-12,Eastern,OMM 306 - Beaver Dam Control,,"[2026-07-27 · migration] Imported from NBHC tracker (appAKFzMSPbYl3FJ9)
Attachments to re-import (1): OKTFM0016 - 12 Nov 2024.pdf"
OKTFM0018,Provincial Audit,2024-11-21,Western,OMM 504 - Traveled Surface of Bridges,,"[2026-07-27 · migration] Imported from NBHC tracker (appAKFzMSPbYl3FJ9)
Attachments to re-import (1): OKTFM0018 - 21 Nov 2024.pdf"
OKTFM0019,Provincial Audit,2024-11-26,Eastern,OMM 406 - Fence,,"[2026-07-27 · migration] Imported from NBHC tracker (appAKFzMSPbYl3FJ9)
Attachments to re-import (1): OKTFM0019 - 26 Nov 2024.pdf"
OKTFM0020,Provincial Audit,2024-11-28,Eastern,OMM 508 - Vegetation Control,,"[2026-07-27 · migration] Imported from NBHC tracker (appAKFzMSPbYl3FJ9)
Attachments to re-import (1): OKTFM0020 - 28 Nov 2024.pdf"
OKTFM0021,Provincial Audit,2024-12-03,Eastern,OMM 401 - Grass Control,,"[2026-07-27 · migration] Imported from NBHC tracker (appAKFzMSPbYl3FJ9)
Attachments to re-import (1): OKTFM0021 - 03 Dec 2024.pdf"
OKTFM0022,Provincial Audit,2024-12-10,Eastern,OMM 705 - Ground Mounted Signs,,"[2026-07-27 · migration] Imported from NBHC tracker (appAKFzMSPbYl3FJ9)
Attachments to re-import (1): OKTFM0022 - 10 Dec 2024.pdf"
OKTFM0023,Provincial Audit,2024-12-12,Western,OMM 510 - Obstructions to Water Flow,,"[2026-07-27 · migration] Imported from NBHC tracker (appAKFzMSPbYl3FJ9)
Attachments to re-import (1): OKTFM0023 - 12 Dec 2024.pdf"
OKTFM0024,Provincial Audit,2024-12-17,Eastern,OMM 603 - Sand and Salt Spreading,,"[2026-07-27 · migration] Imported from NBHC tracker (appAKFzMSPbYl3FJ9)
Attachments to re-import (1): pdf.svg"
OKTFM0025,Provincial Audit,2024-12-19,Western,OMM 706 - Steel Beam Guide Rail,,"[2026-07-27 · migration] Imported from NBHC tracker (appAKFzMSPbYl3FJ9)
Attachments to re-import (1): OKTFM0025 - 19 Dec 2024.pdf"
OKTFM0028,Provincial Audit,2025-01-16,Western,OMM 604 - Snow Removal,,"[2026-07-27 · migration] Imported from NBHC tracker (appAKFzMSPbYl3FJ9)
Attachments to re-import (1): OKTFM0028 -16 Jan 2025.pdf"
OKTFM0029,Provincial Audit,2025-01-21,Eastern,OMM 303 - Culverts,,"[2026-07-27 · migration] Imported from NBHC tracker (appAKFzMSPbYl3FJ9)
Attachments to re-import (1): OKTFM0029 -21 Jan 2025.pdf"
OKTFM0030,Provincial Audit,2025-01-23,Western,OMM 508 - Vegetation Control,,"[2026-07-27 · migration] Imported from NBHC tracker (appAKFzMSPbYl3FJ9)
Attachments to re-import (1): OKTFM0030 -23 Jan 2025.pdf"
OKTFM0032,Provincial Audit,,,,,[2026-07-27 · migration] Imported from NBHC tracker (appAKFzMSPbYl3FJ9)
OKTFM0038,Provincial Audit,,,,,[2026-07-27 · migration] Imported from NBHC tracker (appAKFzMSPbYl3FJ9)
OKTFM0042,Provincial Audit,2025-03-20,Western,OMM 505 - Expansion Joint Maintenance,,"[2026-07-27 · migration] Imported from NBHC tracker (appAKFzMSPbYl3FJ9)
Attachments to re-import (1): OKTFM0042 -20 Mar 2025.pdf"
OKTFM0043,Provincial Audit,2025-04-01,Eastern,OMM 402 - Brush Control,,"[2026-07-27 · migration] Imported from NBHC tracker (appAKFzMSPbYl3FJ9)
Attachments to re-import (1): OKTFM0043 -01 April 2025.pdf"
OKTFM0045,Provincial Audit,2025-04-10,Western,OMM 305 - Roadway Subdrains,,"[2026-07-27 · migration] Imported from NBHC tracker (appAKFzMSPbYl3FJ9)
Attachments to re-import (1): OKTFM0045 -10 April 2025.pdf"
OKTFM0046,Provincial Audit,2025-04-22,Eastern,OMM 102 - Portland Concrete,,"[2026-07-27 · migration] Imported from NBHC tracker (appAKFzMSPbYl3FJ9)
Attachments to re-import (1): OKTFM0046 -22 April 2025.pdf"
OKTFM0047,Provincial Audit,2025-04-24,Western,OMM 404 - Tree Removal,,"[2026-07-27 · migration] Imported from NBHC tracker (appAKFzMSPbYl3FJ9)
Attachments to re-import (1): OKTFM0047 -24 April 2025.pdf"
OKTFM0048,Provincial Audit,2025-05-06,Eastern,OMM 101 - Asphalt Concrete Pavements,,"[2026-07-27 · migration] Imported from NBHC tracker (appAKFzMSPbYl3FJ9)
Attachments to re-import (1): OKTFM0048 -06 May 2025.pdf"
OKTFM0049,Provincial Audit,2025-05-08,Western,OMM 405 - Liter Control,,"[2026-07-27 · migration] Imported from NBHC tracker (appAKFzMSPbYl3FJ9)
Attachments to re-import (1): OKTFM0049 -08 May 2025.pdf"
OKTFM0050,Provincial Audit,2025-05-13,Eastern,OMM 201 - Paved Shoulders,,"[2026-07-27 · migration] Imported from NBHC tracker (appAKFzMSPbYl3FJ9)
Attachments to re-import (1): OKTFM0050 -13 May 2025.pdf"
OKTFM0060,Provincial Audit,2026-01-13,Western,OMM 701 - Pavement Markings,,"[2026-07-27 · migration] Imported from NBHC tracker (appAKFzMSPbYl3FJ9)
Attachments to re-import (1): OKTFM0060 - 18 Dec 2025.pdf"
OKTFM0061,Provincial Audit,2026-01-15,Eastern,OMM 405 - Liter Control,,"[2026-07-27 · migration] Imported from NBHC tracker (appAKFzMSPbYl3FJ9)
Attachments to re-import (1): OKTFM0061 - 06 Jan 2026.pdf"
OKTFM0062,Provincial Audit,2026-01-15,Western,OMM 201 - Paved Shoulders,,"[2026-07-27 · migration] Imported from NBHC tracker (appAKFzMSPbYl3FJ9)
Attachments to re-import (1): OKTFM0062 - 08 Jan 2026.pdf"
OKTFM0063,Provincial Audit,2026-01-13,Eastern,OMM 202 - Gravel Shoulders,,"[2026-07-27 · migration] Imported from NBHC tracker (appAKFzMSPbYl3FJ9)
Attachments to re-import (1): OKTFM0063 - 13 Jan 2026.pdf"
OKTFM0064,Provincial Audit,2026-01-15,Western,OMM 603 - Sand and Salt Spreading,,"[2026-07-27 · migration] Imported from NBHC tracker (appAKFzMSPbYl3FJ9)
Attachments to re-import (1): OKTFM0064 - 15 Jan 2026.pdf"
OKTFM0065,Provincial Audit,2026-01-20,Eastern,OMM 404 - Tree Removal,,"[2026-07-27 · migration] Imported from NBHC tracker (appAKFzMSPbYl3FJ9)
Attachments to re-import (1): OKTFM0065 - 20 Jan 2026.pdf"
OKTFM0066,Provincial Audit,2026-01-29,Western,OMM 704 - Truss  Mounted Signs,,"[2026-07-27 · migration] Imported from NBHC tracker (appAKFzMSPbYl3FJ9)
Attachments to re-import (1): OKTFM0066 - 29 Jan 2026.pdf"
OKTFM0067,Provincial Audit,,Eastern,,,[2026-07-27 · migration] Imported from NBHC tracker (appAKFzMSPbYl3FJ9)
OKTFM0068,Provincial Audit,2026-02-05,Western,OMM 303 - Culverts,,"[2026-07-27 · migration] Imported from NBHC tracker (appAKFzMSPbYl3FJ9)
Attachments to re-import (1): OKTFM0068 - 05 Feb 2026.pdf"
OKTFM0069,Provincial Audit,2026-02-10,Eastern,OMM 406 - Fence,,"[2026-07-27 · migration] Imported from NBHC tracker (appAKFzMSPbYl3FJ9)
Attachments to re-import (1): OKTFM0069 - 10 Feb 2026.pdf"
OKTFM0070,Provincial Audit,2026-02-12,Western,OMM 202 - Gravel Shoulders,,"[2026-07-27 · migration] Imported from NBHC tracker (appAKFzMSPbYl3FJ9)
Attachments to re-import (1): OKTFM0070 - 12 Feb 2026.pdf"
OKTFM0071,Provincial Audit,2026-02-19,Western,OMM 403 - Roadside Plantings,,"[2026-07-27 · migration] Imported from NBHC tracker (appAKFzMSPbYl3FJ9)
Attachments to re-import (1): OKTFM0071 - 19 Feb 2026.pdf"
OKTFM0072,Provincial Audit,2026-02-26,Western,OMM 504 - Traveled Surface of Bridges,,"[2026-07-27 · migration] Imported from NBHC tracker (appAKFzMSPbYl3FJ9)
Attachments to re-import (1): OKTFM0072 - 26 Feb 2026.pdf"
OKTFM0073,Provincial Audit,2026-03-03,Eastern,OMM 605 - Snow Fence,,"[2026-07-27 · migration] Imported from NBHC tracker (appAKFzMSPbYl3FJ9)
Attachments to re-import (1): OKTFM0073 - 03 Mar 2026.pdf"
OKTFM0074,Provincial Audit,2026-03-05,Western,OMM 706 - Steel Beam Guide Rail,,"[2026-07-27 · migration] Imported from NBHC tracker (appAKFzMSPbYl3FJ9)
Attachments to re-import (1): OKTFM0074 - 05 Mar 2026.pdf"
OKTFM0075,Provincial Audit,2026-03-10,Eastern,OMM 101 - Asphalt Concrete Pavements,,"[2026-07-27 · migration] Imported from NBHC tracker (appAKFzMSPbYl3FJ9)
Attachments to re-import (1): OKTFM0075 - 10 Mar 2026.pdf"
OWFFM0001,Provincial Audit,2024-07-16,Eastern,OMM 302 - Ditches,,"[2026-07-27 · migration] Imported from NBHC tracker (appAKFzMSPbYl3FJ9)
Attachments to re-import (1): OWFFM0001 - 16 Jul 2024.pdf"
OWFFM0002,Provincial Audit,2024-07-18,Western,OMM 407 - Rodent Control,,"[2026-07-27 · migration] Imported from NBHC tracker (appAKFzMSPbYl3FJ9)
Attachments to re-import (1): OWFFM0002 - 18 Jul 2024.pdf"
OWFFM0003,Provincial Audit,2024-07-23,Eastern,OMM 701 - Pavement Markings,,"[2026-07-27 · migration] Imported from NBHC tracker (appAKFzMSPbYl3FJ9)
Attachments to re-import (1): OWFFM0003 - 23 Jul 2024.pdf"
OWFFM0004,Provincial Audit,2024-07-30,Eastern,OMM 405 - Liter Control,,"[2026-07-27 · migration] Imported from NBHC tracker (appAKFzMSPbYl3FJ9)
Attachments to re-import (1): OWFFM0004 - 30 Jul 2024.pdf"
OWFFM0005,Provincial Audit,2024-08-01,Western,OMM 410 - Earth Slopes,,"[2026-07-27 · migration] Imported from NBHC tracker (appAKFzMSPbYl3FJ9)
Attachments to re-import (1): OWFFM0005 - 01 Aug 2024.pdf"
OWFFM0006,Provincial Audit,2024-08-06,Eastern,OMM 708 - Crash Attenuation,,"[2026-07-27 · migration] Imported from NBHC tracker (appAKFzMSPbYl3FJ9)
Attachments to re-import (1): OWFFM0006 - 06 Aug 2024.pdf"
OWFFM0007,Provincial Audit,2024-08-13,Eastern,OMM 705 - Ground Mounted Signs,,"[2026-07-27 · migration] Imported from NBHC tracker (appAKFzMSPbYl3FJ9)
Attachments to re-import (1): OWFFM0007 - 13 Aug 2024.pdf"
OWFFM0008,Provincial Audit,2024-08-15,Western,OMM 405 - Liter Control,,"[2026-07-27 · migration] Imported from NBHC tracker (appAKFzMSPbYl3FJ9)
Attachments to re-import (1): OWFFM0008 - 15 Aug 2024.pdf"
OWFFM0009,Provincial Audit,2024-08-27,Eastern,OMM 201 - Paved Shoulders,,"[2026-07-27 · migration] Imported from NBHC tracker (appAKFzMSPbYl3FJ9)
Attachments to re-import (1): OWFFM0009 - 27 Aug 2024.pdf"
OWFFM0010,Provincial Audit,2024-09-10,Eastern,OMM 706 - Steel Beam Guide Rail,,"[2026-07-27 · migration] Imported from NBHC tracker (appAKFzMSPbYl3FJ9)
Attachments to re-import (1): OWFFM0010 - 10 Sep 2024.pdf"
OWFFM0011,Provincial Audit,2024-10-17,Eastern,OMM 305 - Roadway Subdrains,,"[2026-07-27 · migration] Imported from NBHC tracker (appAKFzMSPbYl3FJ9)
Attachments to re-import (1): OWFFM0011 - 17 Sep 2024.pdf"
OWFFM0012,Provincial Audit,2024-09-19,Western,OMM 706 - Steel Beam Guide Rail,,"[2026-07-27 · migration] Imported from NBHC tracker (appAKFzMSPbYl3FJ9)
Attachments to re-import (1): OWFFM0012 - 19 Sep 2024.pdf"
OWFFM0013,Provincial Audit,2024-09-24,Eastern,OMM 801 - Road Patrol,,"[2026-07-27 · migration] Imported from NBHC tracker (appAKFzMSPbYl3FJ9)
Attachments to re-import (1): OKTFM0013 - 04 Apr 2024.pdf"
OWFFM0014,Provincial Audit,2024-10-03,Western,OMM 410 - Earth Slopes,,"[2026-07-27 · migration] Imported from NBHC tracker (appAKFzMSPbYl3FJ9)
Attachments to re-import (1): OWFFM0014 - 03 Oct 2024.pdf"
OWFFM0015,Provincial Audit,2024-10-01,Eastern,OMM 410 - Earth Slopes,,"[2026-07-27 · migration] Imported from NBHC tracker (appAKFzMSPbYl3FJ9)
Attachments to re-import (1): OWFFM0015 - 01 Oct 2024.pdf"
OWFFM0016,Provincial Audit,2024-10-08,Eastern,OMM 202 - Gravel Shoulders,,"[2026-07-27 · migration] Imported from NBHC tracker (appAKFzMSPbYl3FJ9)
Attachments to re-import (1): OWFFM0016 - 08 Oct 2024.pdf"
OWFFM0017,Provincial Audit,2024-10-15,Eastern,OMM 801 - Road Patrol,,"[2026-07-27 · migration] Imported from NBHC tracker (appAKFzMSPbYl3FJ9)
Attachments to re-import (2): OWFFM0017 - 15 Oct 2024.pdf, OWFFM0017 - 15 Oct 2024.pdf"
OWFFM0018,Provincial Audit,2024-10-17,Western,OMM 305 - Roadway Subdrains,,"[2026-07-27 · migration] Imported from NBHC tracker (appAKFzMSPbYl3FJ9)
Attachments to re-import (2): OWFFM0018 - 17 Oct 2024.pdf, OWFFM0018 - 17 Oct 2024.pdf"
OWFFM0019,Provincial Audit,2024-10-22,Eastern,OMM 302 - Ditches,,"[2026-07-27 · migration] Imported from NBHC tracker (appAKFzMSPbYl3FJ9)
Attachments to re-import (2): OWFFM0019 - 22 Oct 2024.pdf, OWFFM0019 - 22 Oct 2024.pdf"
OWFFM0020,Provincial Audit,2024-10-29,Eastern,OMM 504 - Traveled Surface of Bridges,,"[2026-07-27 · migration] Imported from NBHC tracker (appAKFzMSPbYl3FJ9)
Attachments to re-import (2): OWFFM0020 - 29 Oct 2024.pdf, OWFFM0020 - 29 Oct 2024.pdf"
OWFFM0021,Provincial Audit,2024-10-31,Western,OMM 504 - Traveled Surface of Bridges,,"[2026-07-27 · migration] Imported from NBHC tracker (appAKFzMSPbYl3FJ9)
Attachments to re-import (1): OWFFM0021 - 31 Oct 2024.pdf"
OWFFM0022,Provincial Audit,2024-11-19,Eastern,OMM 704 - Truss  Mounted Signs,,"[2026-07-27 · migration] Imported from NBHC tracker (appAKFzMSPbYl3FJ9)
Attachments to re-import (1): OWFFM0022 - 19 Nov 2024.pdf"
OWFFM0023,Provincial Audit,2025-05-13,Eastern,OMM 303 - Culverts,,"[2026-07-27 · migration] Imported from NBHC tracker (appAKFzMSPbYl3FJ9)
Attachments to re-import (1): OWFFM0023 - 20 May 2025.pdf"
OWFFM0024,Provincial Audit,2025-06-10,Western,OMM 706 - Steel Beam Guide Rail,,"[2026-07-27 · migration] Imported from NBHC tracker (appAKFzMSPbYl3FJ9)
Attachments to re-import (1): OWFFM0024 - 22 May 2025.pdf"
OWFFM0025,Provincial Audit,2025-06-27,Eastern,OMM 701 - Pavement Markings,,"[2026-07-27 · migration] Imported from NBHC tracker (appAKFzMSPbYl3FJ9)
Attachments to re-import (1): OWFFM0025 - 27 May 2025.pdf"
OWFFM0026,Provincial Audit,2025-06-27,Eastern,OMM 705 - Ground Mounted Signs,,"[2026-07-27 · migration] Imported from NBHC tracker (appAKFzMSPbYl3FJ9)
Attachments to re-import (1): OWFFM0026 - 10 Jun 2025.pdf"
OWFFM0027,Provincial Audit,2025-06-27,Eastern,OMM 409 - Debris,,"[2026-07-27 · migration] Imported from NBHC tracker (appAKFzMSPbYl3FJ9)
Attachments to re-import (1): OWFFM0027 - 17 Jun 2025.pdf"
OWFFM0028,Provincial Audit,2025-06-27,Western,OMM 409 - Debris,,"[2026-07-27 · migration] Imported from NBHC tracker (appAKFzMSPbYl3FJ9)
Attachments to re-import (1): OWFFM0028 - 19 Jun 2025.pdf"
OWFFM0029,Provincial Audit,2025-06-27,Eastern,OMM 510 - Obstructions to Water Flow,,"[2026-07-27 · migration] Imported from NBHC tracker (appAKFzMSPbYl3FJ9)
Attachments to re-import (1): OWFFM0029 - 24 Jun 2025.pdf"
OWFFM0030,Provincial Audit,2025-07-03,Eastern,OMM 507 - Bridge Cleaning,,"[2026-07-27 · migration] Imported from NBHC tracker (appAKFzMSPbYl3FJ9)
Attachments to re-import (1): OWFFM0030 - 03 Jul 2025.pdf"
OWFFM0031,Provincial Audit,2025-07-18,Eastern,OMM 406 - Fence,,"[2026-07-27 · migration] Imported from NBHC tracker (appAKFzMSPbYl3FJ9)
Attachments to re-import (1): OWFFM0031 - 08 Jul 2025.pdf"
OWFFM0032,Provincial Audit,2025-07-18,Eastern,OMM 507 - Bridge Cleaning,,"[2026-07-27 · migration] Imported from NBHC tracker (appAKFzMSPbYl3FJ9)
Attachments to re-import (1): OWFFM0032 - 15 Jul 2025.pdf"
OWFFM0033,Provincial Audit,2025-07-17,Western,OMM 507 - Bridge Cleaning,,"[2026-07-27 · migration] Imported from NBHC tracker (appAKFzMSPbYl3FJ9)
Attachments to re-import (1): OWFFM0033 - 17 Jul 2025.pdf"
OWFFM0034,Provincial Audit,2025-07-22,Eastern,OMM 403 - Roadside Plantings,,"[2026-07-27 · migration] Imported from NBHC tracker (appAKFzMSPbYl3FJ9)
Attachments to re-import (1): OWFFM0034 - 22 Jul 2025.pdf"
OWFFM0035,Provincial Audit,2025-07-22,Western,OMM 402 - Brush Control,,"[2026-07-27 · migration] Imported from NBHC tracker (appAKFzMSPbYl3FJ9)
Attachments to re-import (1): OWFFM0035 - 22 Jul 2025.pdf"
OWFFM0036,Provincial Audit,2025-07-29,Eastern,OMM 410 - Earth Slopes,,"[2026-07-27 · migration] Imported from NBHC tracker (appAKFzMSPbYl3FJ9)
Attachments to re-import (1): OWFFM0036 - 29 Jul 2025.pdf"
OWFFM0037,Provincial Audit,2025-08-07,Western,OMM 402 - Brush Control,,"[2026-07-27 · migration] Imported from NBHC tracker (appAKFzMSPbYl3FJ9)
Attachments to re-import (1): OWFFM0037 - 07 Aug 2025.pdf"
OWFFM0038,Provincial Audit,2025-08-12,Eastern,OMM 402 - Brush Control,,"[2026-07-27 · migration] Imported from NBHC tracker (appAKFzMSPbYl3FJ9)
Attachments to re-import (1): OWFFM0038 - 12 Aug 2025.pdf"
OWFFM0039,Provincial Audit,2025-08-21,Western,OMM 705 - Ground Mounted Signs,,"[2026-07-27 · migration] Imported from NBHC tracker (appAKFzMSPbYl3FJ9)
Attachments to re-import (1): OWFFM0039 - 21 Aug 2025.pdf"
OWFFM0040,Provincial Audit,2025-08-26,Eastern,OMM 705 - Ground Mounted Signs,,"[2026-07-27 · migration] Imported from NBHC tracker (appAKFzMSPbYl3FJ9)
Attachments to re-import (1): OWFFM0040 - 26 Aug 2025.pdf"
OWFFM0041,Provincial Audit,2025-09-11,Western,OMM 302 - Ditches,,"[2026-07-27 · migration] Imported from NBHC tracker (appAKFzMSPbYl3FJ9)
Attachments to re-import (1): OWFFM0041 - 11 Sept 2025.pdf"
OWFFM0042,Provincial Audit,2025-09-16,Eastern,OMM 505 - Expansion Joint Maintenance,,"[2026-07-27 · migration] Imported from NBHC tracker (appAKFzMSPbYl3FJ9)
Attachments to re-import (1): OWFFM0042 - 16 Sept 2025.pdf"
OWFFM0043,Provincial Audit,2025-09-23,Eastern,OMM 402 - Brush Control,,"[2026-07-27 · migration] Imported from NBHC tracker (appAKFzMSPbYl3FJ9)
Attachments to re-import (1): OWFFM0043 - 23 Sept 2025.pdf"
OWFFM0044,Provincial Audit,2025-09-25,Western,OMM 402 - Brush Control,,"[2026-07-27 · migration] Imported from NBHC tracker (appAKFzMSPbYl3FJ9)
Attachments to re-import (1): OWFFM0044 - 25 Sept 2025.pdf"
OWFFM0045,Provincial Audit,2025-10-07,Western,OMM 304 - Curbs and Gutters,,"[2026-07-27 · migration] Imported from NBHC tracker (appAKFzMSPbYl3FJ9)
Attachments to re-import (1): OWFFM0045 - 07 Oct 2025.pdf"
OWFFM0046,Provincial Audit,2025-10-21,Eastern,OMM 201 - Paved Shoulders,,"[2026-07-27 · migration] Imported from NBHC tracker (appAKFzMSPbYl3FJ9)
Attachments to re-import (1): OWFFM0046 - 21 Oct 2025.pdf"
OWFFM0047,Provincial Audit,2025-10-23,Western,OMM 201 - Paved Shoulders,,"[2026-07-27 · migration] Imported from NBHC tracker (appAKFzMSPbYl3FJ9)
Attachments to re-import (1): OWFFM0047 - 23 Oct 2025.pdf"
OWFFM0048,Provincial Audit,2025-10-28,Eastern,OMM 304 - Curbs and Gutters,,"[2026-07-27 · migration] Imported from NBHC tracker (appAKFzMSPbYl3FJ9)
Attachments to re-import (1): OWFFM0048 - 28 Oct 2025.pdf"
OWFFM0049,Provincial Audit,2025-11-04,Eastern,OMM 705 - Ground Mounted Signs,,"[2026-07-27 · migration] Imported from NBHC tracker (appAKFzMSPbYl3FJ9)
Attachments to re-import (1): OWFFM0049 - 04 Nov 2025.pdf"
OWFFM0050,Provincial Audit,2025-11-06,Western,OMM 605 - Snow Fence,,"[2026-07-27 · migration] Imported from NBHC tracker (appAKFzMSPbYl3FJ9)
Attachments to re-import (1): OWFFM0050 - 06 Nov 2025.pdf"
